2168,2322,2937,2325,2935,2477,2937,2630,2325,2478,2628,2326,2936,2169,2322,2933,2476,2627,2320,2932,2779,9900,9901,9902,9903,9900,2474,9902,9903,2931,2782,9754,9446,9447,9448,9449,9450,9447,9448,9449,9446,9447,9448,9449,9450,9446,9447,9447,9449,9450,4923,-1,-1,-1,-1,-1,-1,-1,-1,-1,-1,-1,-1,-1,-1,-1,-1,-1,-1,-1,-1,-1,-1,-1,-1,-1,-1,-1,-1,-1,-1,-1,-1,-1,-1,-1,-1,-1,-1,-1,-1,-1,-1,-1,-1,-1,-1,-1,-1,-1,2325,-1,-1,-1,-1,-1,-1,-1,-1,-1,-1,-1,-1,-1,-1,-1,-1,-1,-1,-1,-1,-1,-1,-1,-1,-1,-1,-1,-1,-1,-1,-1,-1,-1,-1,-1,-1,-1,-1,-1,-1,-1,-1,-1,-1,-1,-1,-1,-1,-1
2172,2472,2632,2627,2937,2477,2319,2167,2625,2628,2632,2779,2780,2628,2784,2323,2172,2780,2168,2172,2628,10053,10054,10055,10056,10053,10054,10055,10056,2934,2935,9599,9599,9600,9601,9602,9603,9600,9450,9603,9599,9600,9601,9602,9603,9752,9599,9755,9449,9603,4924,-1,-1,-1,-1,-1,-1,-1,-1,-1,-1,-1,-1,-1,-1,-1,-1,-1,-1,-1,-1,-1,-1,-1,-1,-1,-1,-1,-1,-1,-1,-1,-1,-1,-1,-1,-1,-1,-1,-1,-1,-1,-1,-1,-1,-1,-1,-1,-1,-1,2479,-1,-1,-1,-1,-1,-1,-1,-1,-1,-1,-1,-1,-1,-1,-1,-1,-1,-1,-1,-1,-1,-1,-1,-1,-1,-1,-1,-1,-1,-1,-1,-1,-1,-1,-1,-1,-1,-1,-1,-1,-1,-1,-1,-1,-1,-1,-1,-1,-1
2473,2171,2631,2320,2778,2931,2474,2778,2785,2785,2938,2322,2324,2778,2478,2474,2628,2938,2780,2628,2172,10206,10207,10208,10209,10206,10207,10208,10209,2938,2936,9752,9752,9753,9754,9755,9756,9446,9447,9448,9449,9450,9754,9755,9756,9752,9755,9450,9449,9756,5074,-1,-1,-1,-1,-1,-1,-1,-1,-1,-1,-1,-1,-1,-1,-1,-1,-1,-1,-1,-1,-1,-1,-1,-1,-1,-1,-1,-1,-1,-1,-1,-1,-1,-1,-1,-1,-1,-1,-1,-1,-1,-1,-1,-1,-1,-1,-1,-1,-1,2321,-1,-1,-1,-1,-1,-1,-1,-1,-1,-1,-1,-1,-1,-1,-1,-1,-1,-1,-1,-1,-1,-1,-1,-1,-1,-1,-1,-1,-1,-1,-1,-1,-1,-1,-1,-1,-1,-1,-1,-1,-1,-1,-1,-1,-1,-1,-1,-1,-1
2784,2626,2474,2479,2784,2167,2321,2938,2474,2478,2172,2323,2472,2168,2784,2170,2780,2478,2322,2478,2169,10359,10360,10361,10362,10359,10360,10361,10362,2173,2476,2631,2626,2933,2778,2324,2321,9599,9600,9601,9602,9603,2628,2168,9446,9447,9448,9449,9450,2785,4461,-1,-1,-1,-1,-1,-1,-1,-1,-1,-1,-1,-1,-1,-1,-1,-1,-1,-1,-1,-1,-1,-1,-1,-1,-1,-1,-1,-1,-1,-1,-1,-1,-1,-1,-1,-1,-1,-1,-1,-1,-1,-1,-1,-1,-1,-1,-1,-1,-1,2626,-1,-1,-1,-1,-1,-1,-1,-1,-1,-1,-1,-1,-1,-1,-1,-1,-1,-1,-1,-1,-1,-1,-1,-1,-1,-1,-1,-1,-1,-1,-1,-1,-1,-1,-1,-1,-1,-1,-1,-1,-1,-1,-1,-1,-1,-1,-1,-1,-1
2935,2784,2321,2170,2937,2779,2782,2630,2168,2472,2932,2326,2325,2475,2326,2477,2782,2934,2934,2477,2933,9900,2170,9902,9903,9900,9901,9902,9903,2475,2938,2323,2168,2477,2937,2779,2626,9752,9753,9754,9755,9756,9450,9446,9447,9448,9449,9450,9603,2632,4465,-1,-1,-1,-1,-1,-1,-1,-1,-1,-1,-1,-1,-1,-1,-1,-1,-1,-1,-1,-1,-1,-1,-1,-1,-1,-1,-1,-1,-1,-1,-1,-1,-1,-1,-1,-1,-1,-1,-1,-1,-1,-1,-1,-1,-1,-1,-1,-1,-1,2931,-1,-1,-1,-1,-1,-1,-1,-1,-1,-1,-1,-1,-1,-1,-1,-1,-1,-1,-1,-1,-1,-1,-1,-1,-1,-1,-1,-1,-1,-1,-1,-1,-1,-1,-1,-1,-1,-1,-1,-1,-1,-1,-1,-1,-1,-1,-1,-1,-1
2931,2169,2325,2172,2172,2323,2322,2932,2475,2474,2937,2933,2323,2627,2167,2479,2474,2785,2631,2778,2781,10053,10054,10055,10056,10053,10054,10055,10056,2779,2933,2780,2324,2935,2168,2170,2780,2476,9599,9600,9601,9602,9603,9599,9600,9601,9602,9603,9756,2475,4614,-1,-1,-1,-1,-1,-1,-1,-1,-1,-1,-1,-1,-1,-1,-1,-1,-1,-1,-1,-1,-1,-1,-1,-1,-1,-1,-1,-1,-1,-1,-1,-1,-1,-1,-1,-1,-1,-1,-1,-1,-1,-1,-1,-1,-1,-1,-1,-1,-1,2322,-1,-1,-1,-1,-1,-1,-1,-1,-1,-1,-1,-1,-1,-1,-1,-1,-1,-1,-1,-1,-1,-1,-1,-1,-1,-1,-1,-1,-1,-1,-1,-1,-1,-1,-1,-1,-1,-1,-1,-1,-1,-1,-1,-1,-1,-1,-1,-1,-1
2628,2935,2625,2166,2168,2324,2933,2476,2631,2324,2782,2167,2169,2934,2166,2472,2325,2783,2781,2472,2325,10206,10207,10208,10209,10206,10207,10208,10209,2474,2632,2173,2170,2778,2321,2779,2937,2779,9752,9753,9754,9755,9756,9752,9753,9754,9755,9756,2171,2477,4770,-1,-1,-1,-1,-1,-1,-1,-1,-1,-1,-1,-1,-1,-1,-1,-1,-1,-1,-1,-1,-1,-1,-1,-1,-1,-1,-1,-1,-1,-1,-1,-1,-1,-1,-1,-1,-1,-1,-1,-1,-1,-1,-1,-1,-1,-1,-1,-1,-1,2172,-1,-1,-1,-1,-1,-1,-1,-1,-1,-1,-1,-1,-1,-1,-1,-1,-1,-1,-1,-1,-1,-1,-1,-1,-1,-1,-1,-1,-1,-1,-1,-1,-1,-1,-1,-1,-1,-1,-1,-1,-1,-1,-1,-1,-1,-1,-1,-1,-1
2781,2325,7938,7937,7937,7937,8091,7938,8091,8090,7937,7937,8091,8091,7937,2782,2627,8091,8091,7937,2937,10359,10360,10361,10362,10359,10360,10361,10362,2783,2631,2475,2936,2630,2473,2783,2320,2631,2938,2326,2782,2166,2479,2780,2935,2628,2474,2631,2172,2781,4615,-1,-1,-1,-1,-1,-1,-1,-1,-1,-1,-1,-1,-1,-1,-1,-1,-1,-1,-1,-1,-1,-1,-1,-1,-1,-1,-1,-1,-1,-1,-1,-1,-1,-1,-1,-1,-1,-1,-1,-1,-1,-1,-1,-1,-1,-1,-1,-1,-1,2171,-1,-1,-1,-1,-1,-1,-1,-1,-1,-1,-1,-1,-1,-1,-1,-1,-1,-1,-1,-1,-1,-1,-1,-1,-1,-1,-1,-1,-1,-1,-1,-1,-1,-1,-1,-1,-1,-1,-1,-1,-1,-1,-1,-1,-1,-1,-1,-1,-1
2936,2630,2932,2320,8090,8090,8090,7937,8091,7938,8090,7937,8091,8091,7938,8090,7938,7938,7937,7937,8090,9900,9901,9902,9903,9900,9901,9902,9903,2474,2629,2779,2931,2630,2934,2326,2783,2779,2479,2782,2474,2629,2321,2783,2632,2932,2478,2475,2326,2935,4768,-1,-1,-1,-1,-1,-1,-1,-1,-1,-1,-1,-1,-1,-1,-1,-1,-1,-1,-1,-1,-1,-1,-1,-1,-1,-1,-1,-1,-1,-1,-1,-1,-1,-1,-1,-1,-1,-1,-1,-1,-1,-1,-1,-1,-1,-1,-1,-1,-1,2476,-1,-1,-1,-1,-1,-1,-1,-1,-1,-1,-1,-1,-1,-1,-1,-1,-1,-1,-1,-1,-1,-1,-1,-1,-1,-1,-1,-1,-1,-1,-1,-1,-1,-1,-1,-1,-1,-1,-1,-1,-1,-1,-1,-1,-1,-1,-1,-1,-1
2167,2326,2626,2935,2933,8090,7938,7937,7938,8090,7938,8091,8091,7937,8091,8091,8091,7937,8090,7937,7938,10053,10054,10055,10056,10053,10054,10055,10056,2780,2933,2933,2168,2626,2166,2932,2472,2782,2630,2938,2326,2780,2782,2173,2324,2475,2933,2937,2785,2473,4767,-1,-1,-1,-1,-1,-1,-1,-1,-1,-1,-1,-1,-1,-1,-1,-1,-1,-1,-1,-1,-1,-1,-1,-1,-1,-1,-1,-1,-1,-1,-1,-1,-1,-1,-1,-1,-1,-1,-1,-1,-1,-1,-1,-1,-1,-1,-1,-1,-1,2323,-1,-1,-1,-1,-1,-1,-1,-1,-1,-1,-1,-1,-1,-1,-1,-1,-1,-1,-1,-1,-1,-1,-1,-1,-1,-1,-1,-1,-1,-1,-1,-1,-1,-1,-1,-1,-1,-1,-1,-1,-1,-1,-1,-1,-1,-1,-1,-1,-1
2934,2935,2474,2632,2325,2778,2320,2932,2931,2321,2932,2780,2323,2626,2785,2938,2785,2629,2324,2325,2938,10206,10207,10208,10209,10206,10207,10208,10209,2168,2625,2172,2630,2932,2324,2938,2781,2779,2170,2474,2932,2936,2319,2783,2935,2173,2632,2631,2168,2473,5075,-1,-1,-1,-1,-1,-1,-1,-1,-1,-1,-1,-1,-1,-1,-1,-1,-1,-1,-1,-1,-1,-1,-1,-1,-1,-1,-1,-1,-1,-1,-1,-1,-1,-1,-1,-1,-1,-1,-1,-1,-1,-1,-1,-1,-1,-1,-1,-1,-1,2782,-1,-1,-1,-1,-1,-1,-1,-1,-1,-1,-1,-1,-1,-1,-1,-1,-1,-1,-1,-1,-1,-1,-1,-1,-1,-1,-1,-1,-1,-1,-1,-1,-1,-1,-1,-1,-1,-1,-1,-1,-1,-1,-1,-1,-1,-1,-1,-1,-1
2173,2474,2321,2937,2785,2477,2323,2172,2475,2780,2627,2172,2326,2785,2169,2932,2319,2933,2625,2782,2934,10359,10360,10361,10362,10359,10360,10361,10362,2473,2321,2478,2631,2935,2632,2476,2938,2475,2319,2785,2784,2935,2933,2778,2172,2323,2167,2474,2935,2782,5075,-1,-1,-1,-1,-1,-1,-1,-1,-1,-1,-1,-1,-1,-1,-1,-1,-1,-1,-1,-1,-1,-1,-1,-1,-1,-1,-1,-1,-1,-1,-1,-1,-1,-1,-1,-1,-1,-1,-1,-1,-1,-1,-1,-1,-1,-1,-1,-1,-1,2630,-1,-1,-1,-1,-1,-1,-1,-1,-1,-1,-1,-1,-1,-1,-1,-1,-1,-1,-1,-1,-1,-1,-1,-1,-1,-1,-1,-1,-1,-1,-1,-1,-1,-1,-1,-1,-1,-1,-1,-1,-1,-1,-1,-1,-1,-1,-1,-1,-1
2325,9900,9901,9902,9903,9900,9901,9902,9903,9900,9901,9902,9903,9900,9901,9902,9903,9900,9901,9902,9903,9900,9901,9902,2934,9900,9901,9902,9903,9900,9901,9902,9903,9900,9901,9902,9903,9900,9901,9902,9903,9900,9901,9902,9903,2479,2325,2931,2479,2321,4615,-1,-1,-1,-1,-1,-1,-1,-1,-1,-1,-1,-1,-1,-1,-1,-1,-1,-1,-1,-1,-1,-1,-1,-1,-1,-1,-1,-1,-1,-1,-1,-1,-1,-1,-1,-1,-1,-1,-1,-1,-1,-1,-1,-1,-1,-1,-1,-1,-1,2324,-1,-1,-1,-1,-1,-1,-1,-1,-1,-1,-1,-1,-1,-1,-1,-1,-1,-1,-1,-1,-1,-1,-1,-1,-1,-1,-1,-1,-1,-1,-1,-1,-1,-1,-1,-1,-1,-1,-1,-1,-1,-1,-1,-1,-1,-1,-1,-1,-1
2629,10053,10054,10055,10056,10053,10054,10055,10056,2173,10054,10055,10056,10053,10054,10055,10056,10053,10054,10055,10056,10053,10054,10055,10056,10053,10054,10055,10056,10053,10054,10055,10056,10053,10054,10055,10056,10053,10054,10055,10056,10053,10054,10055,2473,2936,2625,2479,2323,2937,5076,-1,-1,-1,-1,-1,-1,-1,-1,-1,-1,-1,-1,-1,-1,-1,-1,-1,-1,-1,-1,-1,-1,-1,-1,-1,-1,-1,-1,-1,-1,-1,-1,-1,-1,-1,-1,-1,-1,-1,-1,-1,-1,-1,-1,-1,-1,-1,-1,-1,2476,-1,-1,-1,-1,-1,-1,-1,-1,-1,-1,-1,-1,-1,-1,-1,-1,-1,-1,-1,-1,-1,-1,-1,-1,-1,-1,-1,-1,-1,-1,-1,-1,-1,-1,-1,-1,-1,-1,-1,-1,-1,-1,-1,-1,-1,-1,-1,-1,-1
2474,10206,10207,10208,10209,10206,10207,10208,10209,2326,10207,10208,10209,10206,10207,10208,10209,10206,10207,10208,10209,10206,10207,10208,10209,10206,10207,10208,10209,10206,10207,10208,10209,10206,10207,10208,10209,10206,10207,10208,10209,10206,10207,10208,2474,2627,2473,2938,2319,2320,4461,-1,-1,-1,-1,-1,-1,-1,-1,-1,-1,-1,-1,-1,-1,-1,-1,-1,-1,-1,-1,-1,-1,-1,-1,-1,-1,-1,-1,-1,-1,-1,-1,-1,-1,-1,-1,-1,-1,-1,-1,-1,-1,-1,-1,-1,-1,-1,-1,-1,2474,-1,-1,-1,-1,-1,-1,-1,-1,-1,-1,-1,-1,-1,-1,-1,-1,-1,-1,-1,-1,-1,-1,-1,-1,-1,-1,-1,-1,-1,-1,-1,-1,-1,-1,-1,-1,-1,-1,-1,-1,-1,-1,-1,-1,-1,-1,-1,-1,-1
2169,10359,10360,10361,10362,10359,10360,10361,10362,10359,10360,10361,10362,10359,10360,10361,10362,10359,10360,10361,10362,10359,10360,10361,10362,10359,10360,10361,10362,10359,10360,10361,10362,10359,10360,10361,10362,10359,10360,10361,10362,10359,10360,10361,10362,2473,2629,2784,2166,2319,4924,-1,-1,-1,-1,-1,-1,-1,-1,-1,-1,-1,-1,-1,-1,-1,-1,-1,-1,-1,-1,-1,-1,-1,-1,-1,-1,-1,-1,-1,-1,-1,-1,-1,-1,-1,-1,-1,-1,-1,-1,-1,-1,-1,-1,-1,-1,-1,-1,-1,2627,-1,-1,-1,-1,-1,-1,-1,-1,-1,-1,-1,-1,-1,-1,-1,-1,-1,-1,-1,-1,-1,-1,-1,-1,-1,-1,-1,-1,-1,-1,-1,-1,-1,-1,-1,-1,-1,-1,-1,-1,-1,-1,-1,-1,-1,-1,-1,-1,-1
2166,9900,9901,9902,9903,9900,9901,9902,9903,9900,9901,9902,9903,9900,9901,9902,9903,9900,9901,9902,9903,9900,9901,9902,9903,9900,9901,9902,9903,9900,9901,9902,9903,9900,9901,9902,9903,9900,9901,9902,9903,9900,9901,9902,9903,2476,2172,2626,2630,2933,4616,-1,-1,-1,-1,-1,-1,-1,-1,-1,-1,-1,-1,-1,-1,-1,-1,-1,-1,-1,-1,-1,-1,-1,-1,-1,-1,-1,-1,-1,-1,-1,-1,-1,-1,-1,-1,-1,-1,-1,-1,-1,-1,-1,-1,-1,-1,-1,-1,-1,2322,-1,-1,-1,-1,-1,-1,-1,-1,-1,-1,-1,-1,-1,-1,-1,-1,-1,-1,-1,-1,-1,-1,-1,-1,-1,-1,-1,-1,-1,-1,-1,-1,-1,-1,-1,-1,-1,-1,-1,-1,-1,-1,-1,-1,-1,-1,-1,-1,-1
2478,10053,10054,10055,10056,10053,10054,10055,10056,10053,10054,10055,10056,10053,10054,10055,10056,10053,10054,10055,10056,10053,10054,10055,10056,10053,10054,10055,10056,10053,10054,10055,10056,10053,10054,10055,10056,10053,10054,10055,10056,10053,10054,10055,10056,2324,2472,2172,2628,2325,4922,-1,-1,-1,-1,-1,-1,-1,-1,-1,-1,-1,-1,-1,-1,-1,-1,-1,-1,-1,-1,-1,-1,-1,-1,-1,-1,-1,-1,-1,-1,-1,-1,-1,-1,-1,-1,-1,-1,-1,-1,-1,-1,-1,-1,-1,-1,-1,-1,-1,2166,-1,-1,-1,-1,-1,-1,-1,-1,-1,-1,-1,-1,-1,-1,-1,-1,-1,-1,-1,-1,-1,-1,-1,-1,-1,-1,-1,-1,-1,-1,-1,-1,-1,-1,-1,-1,-1,-1,-1,-1,-1,-1,-1,-1,-1,-1,-1,-1,-1
2325,10206,10207,10208,10209,10206,10207,10208,10209,10206,10207,10208,10209,10206,10207,2782,10209,10206,10207,10208,10209,10206,10207,10208,10209,10206,10207,10208,10209,10206,10207,10208,10209,10206,10207,10208,10209,2167,10207,10208,10209,10206,10207,10208,10209,2171,2932,2784,2933,2629,5073,-1,-1,-1,-1,-1,-1,-1,-1,-1,-1,-1,-1,-1,-1,-1,-1,-1,-1,-1,-1,-1,-1,-1,-1,-1,-1,-1,-1,-1,-1,-1,-1,-1,-1,-1,-1,-1,-1,-1,-1,-1,-1,-1,-1,-1,-1,-1,-1,-1,2781,-1,-1,-1,-1,-1,-1,-1,-1,-1,-1,-1,-1,-1,-1,-1,-1,-1,-1,-1,-1,-1,-1,-1,-1,-1,-1,-1,-1,-1,-1,-1,-1,-1,-1,-1,-1,-1,-1,-1,-1,-1,-1,-1,-1,-1,-1,-1,-1,-1
2475,10359,10360,10361,10362,10359,10360,10361,10362,10359,10360,10361,10362,10359,10360,10361,10362,10359,10360,10361,10362,10359,10360,10361,10362,10359,10360,10361,10362,10359,10360,10361,10362,10359,10360,10361,10362,10359,10360,10361,10362,10359,10360,10361,10362,10359,2938,2780,2632,2630,4618,-1,-1,-1,-1,-1,-1,-1,-1,-1,-1,-1,-1,-1,-1,-1,-1,-1,-1,-1,-1,-1,-1,-1,-1,-1,-1,-1,-1,-1,-1,-1,-1,-1,-1,-1,-1,-1,-1,-1,-1,-1,-1,-1,-1,-1,-1,-1,-1,-1,2935,-1,-1,-1,-1,-1,-1,-1,-1,-1,-1,-1,-1,-1,-1,-1,-1,-1,-1,-1,-1,-1,-1,-1,-1,-1,-1,-1,-1,-1,-1,-1,-1,-1,-1,-1,-1,-1,-1,-1,-1,-1,-1,-1,-1,-1,-1,-1,-1,-1
2171,2778,2784,2629,2629,2324,2784,2628,2938,9900,9901,9902,9903,9900,9901,9902,9903,2476,2472,2778,2934,2169,2632,2785,2473,2476,2931,2937,2168,2937,2320,2322,2779,9900,9901,9902,9903,9900,9901,9902,9903,2473,2171,2325,2325,2934,2626,2325,2323,2631,4921,-1,-1,-1,-1,-1,-1,-1,-1,-1,-1,-1,-1,-1,-1,-1,-1,-1,-1,-1,-1,-1,-1,-1,-1,-1,-1,-1,-1,-1,-1,-1,-1,-1,-1,-1,-1,-1,-1,-1,-1,-1,-1,-1,-1,-1,-1,-1,-1,-1,2781,-1,-1,-1,-1,-1,-1,-1,-1,-1,-1,-1,-1,-1,-1,-1,-1,-1,-1,-1,-1,-1,-1,-1,-1,-1,-1,-1,-1,-1,-1,-1,-1,-1,-1,-1,-1,-1,-1,-1,-1,-1,-1,-1,-1,-1,-1,-1,-1,-1
2166,2478,2933,2322,2477,2319,2170,2322,2937,10053,10054,10055,10056,10053,10054,10055,10056,2785,2324,2173,2167,2477,2321,2630,2167,2170,2474,2325,2625,2323,2479,2778,2172,10053,10054,10055,10056,10053,10054,10055,10056,2171,2936,2324,2171,2630,2784,2625,2780,2472,4920,-1,-1,-1,-1,-1,-1,-1,-1,-1,-1,-1,-1,-1,-1,-1,-1,-1,-1,-1,-1,-1,-1,-1,-1,-1,-1,-1,-1,-1,-1,-1,-1,-1,-1,-1,-1,-1,-1,-1,-1,-1,-1,-1,-1,-1,-1,-1,-1,-1,2325,-1,-1,-1,-1,-1,-1,-1,-1,-1,-1,-1,-1,-1,-1,-1,-1,-1,-1,-1,-1,-1,-1,-1,-1,-1,-1,-1,-1,-1,-1,-1,-1,-1,-1,-1,-1,-1,-1,-1,-1,-1,-1,-1,-1,-1,-1,-1,-1,-1
2473,2320,2169,2630,2478,2630,2171,2473,2630,10206,10207,10208,10209,10206,10207,10208,10209,2782,2631,2322,2475,2629,2784,2173,2172,2324,2170,2477,2934,2474,2938,2324,2320,10206,10207,2326,10209,10206,10207,10208,10209,2319,2781,2168,2785,2778,2933,2474,2779,2322,4921,-1,-1,-1,-1,-1,-1,-1,-1,-1,-1,-1,-1,-1,-1,-1,-1,-1,-1,-1,-1,-1,-1,-1,-1,-1,-1,-1,-1,-1,-1,-1,-1,-1,-1,-1,-1,-1,-1,-1,-1,-1,-1,-1,-1,-1,-1,-1,-1,-1,2477,-1,-1,-1,-1,-1,-1,-1,-1,-1,-1,-1,-1,-1,-1,-1,-1,-1,-1,-1,-1,-1,-1,-1,-1,-1,-1,-1,-1,-1,-1,-1,-1,-1,-1,-1,-1,-1,-1,-1,-1,-1,-1,-1,-1,-1,-1,-1,-1,-1
2319,2323,2784,2319,2168,2475,2931,2169,2628,10359,10360,10361,10362,10359,10360,10361,10362,2779,2325,2784,2320,2625,2629,2935,2627,2935,2781,2935,2937,2476,2933,2322,2781,10359,10360,10361,10362,10359,10360,10361,10362,2323,2167,2170,2168,2778,2167,2630,2324,2783,4465,-1,-1,-1,-1,-1,-1,-1,-1,-1,-1,-1,-1,-1,-1,-1,-1,-1,-1,-1,-1,-1,-1,-1,-1,-1,-1,-1,-1,-1,-1,-1,-1,-1,-1,-1,-1,-1,-1,-1,-1,-1,-1,-1,-1,-1,-1,-1,-1,-1,2935,-1,-1,-1,-1,-1,-1,-1,-1,-1,-1,-1,-1,-1,-1,-1,-1,-1,-1,-1,-1,-1,-1,-1,-1,-1,-1,-1,-1,-1,-1,-1,-1,-1,-1,-1,-1,-1,-1,-1,-1,-1,-1,-1,-1,-1,-1,-1,-1,-1
2627,2935,2625,2936,2474,2476,2477,2778,2936,9900,9901,9902,9903,9900,9901,9902,9903,2479,2782,2782,2173,2934,2324,2938,2780,2935,2166,2934,2474,2322,2475,2779,2935,9900,9901,9902,9903,9900,9901,9902,9903,2479,2783,2320,2325,2784,2629,2779,2785,2630,5073,-1,-1,-1,-1,-1,-1,-1,-1,-1,-1,-1,-1,-1,-1,-1,-1,-1,-1,-1,-1,-1,-1,-1,-1,-1,-1,-1,-1,-1,-1,-1,-1,-1,-1,-1,-1,-1,-1,-1,-1,-1,-1,-1,-1,-1,-1,-1,-1,-1,2320,-1,-1,-1,-1,-1,-1,-1,-1,-1,-1,-1,-1,-1,-1,-1,-1,-1,-1,-1,-1,-1,-1,-1,-1,-1,-1,-1,-1,-1,-1,-1,-1,-1,-1,-1,-1,-1,-1,-1,-1,-1,-1,-1,-1,-1,-1,-1,-1,-1
2932,2172,2625,2785,2169,2326,2936,2780,2321,10053,10054,10055,10056,10053,10054,10055,10056,2473,2473,2783,2781,2323,2474,2473,2782,2170,2783,2168,2325,2936,2326,2628,2778,10053,10054,10055,10056,10053,10054,10055,10056,2324,2778,2628,2625,2785,2479,2475,2936,2632,5073,-1,-1,-1,-1,-1,-1,-1,-1,-1,-1,-1,-1,-1,-1,-1,-1,-1,-1,-1,-1,-1,-1,-1,-1,-1,-1,-1,-1,-1,-1,-1,-1,-1,-1,-1,-1,-1,-1,-1,-1,-1,-1,-1,-1,-1,-1,-1,-1,-1,2476,-1,-1,-1,-1,-1,-1,-1,-1,-1,-1,-1,-1,-1,-1,-1,-1,-1,-1,-1,-1,-1,-1,-1,-1,-1,-1,-1,-1,-1,-1,-1,-1,-1,-1,-1,-1,-1,-1,-1,-1,-1,-1,-1,-1,-1,-1,-1,-1,-1
2780,2629,2630,2478,2474,2625,2472,2168,2780,10206,10207,10208,10209,10206,10207,10208,10209,2785,2477,2785,2172,2931,2631,2326,2167,2319,8086,8087,8088,2626,2934,2166,2932,10206,10207,10208,10209,10206,10207,10208,10209,2632,2933,2476,2172,2780,2933,2170,2937,2784,4922,-1,-1,-1,-1,-1,-1,-1,-1,-1,-1,-1,-1,-1,-1,-1,-1,-1,-1,-1,-1,-1,-1,-1,-1,-1,-1,-1,-1,-1,-1,-1,-1,-1,-1,-1,-1,-1,-1,-1,-1,-1,-1,-1,-1,-1,-1,-1,-1,-1,2785,-1,-1,-1,-1,-1,-1,-1,-1,-1,-1,-1,-1,-1,-1,-1,-1,-1,-1,-1,-1,-1,-1,-1,-1,-1,-1,-1,-1,-1,-1,-1,-1,-1,-1,-1,-1,-1,-1,-1,-1,-1,-1,-1,-1,-1,-1,-1,-1,-1
2323,2934,2167,2781,2473,2628,2322,2630,2168,10359,10360,10361,10362,10359,10360,10361,10362,2938,2632,2632,2171,2169,2933,2936,2779,2628,8239,8240,8241,2325,2780,2319,2472,10359,10360,10361,10362,10359,10360,10361,10362,2319,2171,2477,2779,2323,2167,2326,2323,2320,4770,-1,-1,-1,-1,-1,-1,-1,-1,-1,-1,-1,-1,-1,-1,-1,-1,-1,-1,-1,-1,-1,-1,-1,-1,-1,-1,-1,-1,-1,-1,-1,-1,-1,-1,-1,-1,-1,-1,-1,-1,-1,-1,-1,-1,-1,-1,-1,-1,-1,2784,-1,-1,-1,-1,-1,-1,-1,-1,-1,-1,-1,-1,-1,-1,-1,-1,-1,-1,-1,-1,-1,-1,-1,-1,-1,-1,-1,-1,-1,-1,-1,-1,-1,-1,-1,-1,-1,-1,-1,-1,-1,-1,-1,-1,-1,-1,-1,-1,-1
2322,2171,2475,2632,2166,2474,2932,2934,2167,9900,9901,9902,9903,9900,9901,9902,9903,2167,2785,2168,2938,2628,2170,2473,2784,2479,8392,8393,8394,2632,2626,2935,2476,9900,9901,9902,9903,9900,9901,2320,9903,2321,2169,2933,2473,2934,2938,2626,2476,2783,5077,-1,-1,-1,-1,-1,-1,-1,-1,-1,-1,-1,-1,-1,-1,-1,-1,-1,-1,-1,-1,-1,-1,-1,-1,-1,-1,-1,-1,-1,-1,-1,-1,-1,-1,-1,-1,-1,-1,-1,-1,-1,-1,-1,-1,-1,-1,-1,-1,-1,2168,-1,-1,-1,-1,-1,-1,-1,-1,-1,-1,-1,-1,-1,-1,-1,-1,-1,-1,-1,-1,-1,-1,-1,-1,-1,-1,-1,-1,-1,-1,-1,-1,-1,-1,-1,-1,-1,-1,-1,-1,-1,-1,-1,-1,-1,-1,-1,-1,-1
2169,2322,2170,2785,2626,2475,2629,2626,2326,10053,10054,10055,10056,10053,10054,10055,10056,2171,2781,2632,2168,2323,2628,2782,2938,2322,2325,2321,2320,2169,2319,2475,2628,10053,10054,10055,10056,10053,10054,10055,10056,2626,2170,2938,2475,2931,2936,2322,2321,2172,4770,-1,-1,-1,-1,-1,-1,-1,-1,-1,-1,-1,-1,-1,-1,-1,-1,-1,-1,-1,-1,-1,-1,-1,-1,-1,-1,-1,-1,-1,-1,-1,-1,-1,-1,-1,-1,-1,-1,-1,-1,-1,-1,-1,-1,-1,-1,-1,-1,-1,2779,-1,-1,-1,-1,-1,-1,-1,-1,-1,-1,-1,-1,-1,-1,-1,-1,-1,-1,-1,-1,-1,-1,-1,-1,-1,-1,-1,-1,-1,-1,-1,-1,-1,-1,-1,-1,-1,-1,-1,-1,-1,-1,-1,-1,-1,-1,-1,-1,-1
2167,2323,2476,2935,2478,2935,2632,2477,2473,10206,10207,10208,10209,10206,10207,10208,10209,2477,2938,2168,2631,2322,2319,2630,2322,2319,2784,2325,2319,2632,2785,2169,2782,10206,10207,10208,10209,10206,10207,10208,10209,2632,2629,2168,2627,2779,2778,2625,2319,2326,4463,-1,-1,-1,-1,-1,-1,-1,-1,-1,-1,-1,-1,-1,-1,-1,-1,-1,-1,-1,-1,-1,-1,-1,-1,-1,-1,-1,-1,-1,-1,-1,-1,-1,-1,-1,-1,-1,-1,-1,-1,-1,-1,-1,-1,-1,-1,-1,-1,-1,2472,-1,-1,-1,-1,-1,-1,-1,-1,-1,-1,-1,-1,-1,-1,-1,-1,-1,-1,-1,-1,-1,-1,-1,-1,-1,-1,-1,-1,-1,-1,-1,-1,-1,-1,-1,-1,-1,-1,-1,-1,-1,-1,-1,-1,-1,-1,-1,-1,-1
2783,2171,2778,2933,2171,2632,2474,2933,2476,10359,10360,10361,10362,10359,10360,10361,10362,2173,2631,2780,2478,2168,2935,2324,2321,2934,2784,2629,2325,2780,2172,2781,2323,10359,10360,10361,10362,10359,10360,10361,10362,2779,2631,2627,2169,2627,2938,2785,2323,2933,4768,-1,-1,-1,-1,-1,-1,-1,-1,-1,-1,-1,-1,-1,-1,-1,-1,-1,-1,-1,-1,-1,-1,-1,-1,-1,-1,-1,-1,-1,-1,-1,-1,-1,-1,-1,-1,-1,-1,-1,-1,-1,-1,-1,-1,-1,-1,-1,-1,-1,2780,-1,-1,-1,-1,-1,-1,-1,-1,-1,-1,-1,-1,-1,-1,-1,-1,-1,-1,-1,-1,-1,-1,-1,-1,-1,-1,-1,-1,-1,-1,-1,-1,-1,-1,-1,-1,-1,-1,-1,-1,-1,-1,-1,-1,-1,-1,-1,-1,-1
2937,2931,2630,2326,2632,2166,2936,2630,2934,9900,9901,9902,9903,9900,9901,9902,9903,9900,9901,9902,9903,9900,9901,9902,9903,9900,9901,9902,9903,9900,9901,9902,9903,9900,9901,9902,9903,9900,9901,9902,9903,2479,2326,2324,2324,2168,2628,2322,2780,2171,4615,-1,-1,-1,-1,-1,-1,-1,-1,-1,-1,-1,-1,-1,-1,-1,-1,-1,-1,-1,-1,-1,-1,-1,-1,-1,-1,-1,-1,-1,-1,-1,-1,-1,-1,-1,-1,-1,-1,-1,-1,-1,-1,-1,-1,-1,-1,-1,-1,-1,2171,-1,-1,-1,-1,-1,-1,-1,-1,-1,-1,-1,-1,-1,-1,-1,-1,-1,-1,-1,-1,-1,-1,-1,-1,-1,-1,-1,-1,-1,-1,-1,-1,-1,-1,-1,-1,-1,-1,-1,-1,-1,-1,-1,-1,-1,-1,-1,-1,-1
2784,2473,2326,2171,2326,2782,2169,2173,2627,10053,10054,10055,10056,10053,10054,10055,10056,10053,10054,10055,10056,10053,10054,10055,10056,10053,10054,10055,10056,10053,10054,10055,10056,10053,10054,10055,10056,10053,10054,10055,10056,2472,2631,2936,2938,2627,2778,2632,2631,2778,4769,-1,-1,-1,-1,-1,-1,-1,-1,-1,-1,-1,-1,-1,-1,-1,-1,-1,-1,-1,-1,-1,-1,-1,-1,-1,-1,-1,-1,-1,-1,-1,-1,-1,-1,-1,-1,-1,-1,-1,-1,-1,-1,-1,-1,-1,-1,-1,-1,-1,2323,-1,-1,-1,-1,-1,-1,-1,-1,-1,-1,-1,-1,-1,-1,-1,-1,-1,-1,-1,-1,-1,-1,-1,-1,-1,-1,-1,-1,-1,-1,-1,-1,-1,-1,-1,-1,-1,-1,-1,-1,-1,-1,-1,-1,-1,-1,-1,-1,-1
2475,2475,2778,2936,2170,2632,2472,2628,2168,10206,10207,2936,10209,10206,10207,10208,10209,10206,10207,10208,10209,10206,10207,10208,10209,10206,10207,10208,10209,10206,10207,10208,10209,10206,10207,10208,10209,10206,10207,10208,10209,2936,2323,2477,2478,2173,2934,2631,2326,2321,4770,-1,-1,-1,-1,-1,-1,-1,-1,-1,-1,-1,-1,-1,-1,-1,-1,-1,-1,-1,-1,-1,-1,-1,-1,-1,-1,-1,-1,-1,-1,-1,-1,-1,-1,-1,-1,-1,-1,-1,-1,-1,-1,-1,-1,-1,-1,-1,-1,-1,2780,-1,-1,-1,-1,-1,-1,-1,-1,-1,-1,-1,-1,-1,-1,-1,-1,-1,-1,-1,-1,-1,-1,-1,-1,-1,-1,-1,-1,-1,-1,-1,-1,-1,-1,-1,-1,-1,-1,-1,-1,-1,-1,-1,-1,-1,-1,-1,-1,-1
2934,2932,2173,2780,2629,2933,2936,2630,2934,10359,10360,10361,10362,10359,10360,10361,10362,10359,10360,10361,10362,10359,10360,10361,10362,10359,10360,10361,10362,10359,2632,10361,10362,10359,10360,10361,10362,10359,10360,10361,10362,2171,2476,2934,2473,2931,2479,2626,2326,2931,4922,-1,-1,-1,-1,-1,-1,-1,-1,-1,-1,-1,-1,-1,-1,-1,-1,-1,-1,-1,-1,-1,-1,-1,-1,-1,-1,-1,-1,-1,-1,-1,-1,-1,-1,-1,-1,-1,-1,-1,-1,-1,-1,-1,-1,-1,-1,-1,-1,-1,2170,-1,-1,-1,-1,-1,-1,-1,-1,-1,-1,-1,-1,-1,-1,-1,-1,-1,-1,-1,-1,-1,-1,-1,-1,-1,-1,-1,-1,-1,-1,-1,-1,-1,-1,-1,-1,-1,-1,-1,-1,-1,-1,-1,-1,-1,-1,-1,-1,-1
2320,2784,2319,2323,2779,2169,2323,2474,2631,9900,9901,9902,9903,9900,9901,9902,9903,9900,9901,9902,9903,9900,9901,9902,9903,9900,9901,9902,9903,9900,9901,9902,9903,9900,9901,9902,9903,9900,9901,9902,9903,2321,2628,2629,2632,2933,2323,2629,2326,2934,4767,-1,-1,-1,-1,-1,-1,-1,-1,-1,-1,-1,-1,-1,-1,-1,-1,-1,-1,-1,-1,-1,-1,-1,-1,-1,-1,-1,-1,-1,-1,-1,-1,-1,-1,-1,-1,-1,-1,-1,-1,-1,-1,-1,-1,-1,-1,-1,-1,-1,2631,-1,-1,-1,-1,-1,-1,-1,-1,-1,-1,-1,-1,-1,-1,-1,-1,-1,-1,-1,-1,-1,-1,-1,-1,-1,-1,-1,-1,-1,-1,-1,-1,-1,-1,-1,-1,-1,-1,-1,-1,-1,-1,-1,-1,-1,-1,-1,-1,-1
2326,2935,2778,2320,2784,2170,2779,2477,2780,2474,10054,10055,10056,10053,10054,10055,10056,10053,10054,10055,10056,10053,2323,10055,10056,10053,10054,10055,10056,10053,10054,10055,10056,10053,10054,10055,10056,10053,10054,10055,2477,2628,2632,2168,2631,2937,2628,2631,2322,2326,4770,-1,-1,-1,-1,-1,-1,-1,-1,-1,-1,-1,-1,-1,-1,-1,-1,-1,-1,-1,-1,-1,-1,-1,-1,-1,-1,-1,-1,-1,-1,-1,-1,-1,-1,-1,-1,-1,-1,-1,-1,-1,-1,-1,-1,-1,-1,-1,-1,-1,2325,-1,-1,-1,-1,-1,-1,-1,-1,-1,-1,-1,-1,-1,-1,-1,-1,-1,-1,-1,-1,-1,-1,-1,-1,-1,-1,-1,-1,-1,-1,-1,-1,-1,-1,-1,-1,-1,-1,-1,-1,-1,-1,-1,-1,-1,-1,-1,-1,-1
2323,2784,2319,2938,2778,2474,2625,2937,2628,2628,2319,10208,10209,10206,10207,10208,10209,10206,10207,10208,10209,10206,10207,10208,10209,10206,10207,10208,10209,10206,10207,10208,10209,10206,10207,10208,10209,10206,10207,2629,2167,2778,2320,2324,2166,2166,2628,2780,2632,2781,4463,-1,-1,-1,-1,-1,-1,-1,-1,-1,-1,-1,-1,-1,-1,-1,-1,-1,-1,-1,-1,-1,-1,-1,-1,-1,-1,-1,-1,-1,-1,-1,-1,-1,-1,-1,-1,-1,-1,-1,-1,-1,-1,-1,-1,-1,-1,-1,-1,-1,2933,-1,-1,-1,-1,-1,-1,-1,-1,-1,-1,-1,-1,-1,-1,-1,-1,-1,-1,-1,-1,-1,-1,-1,-1,-1,-1,-1,-1,-1,-1,-1,-1,-1,-1,-1,-1,-1,-1,-1,-1,-1,-1,-1,-1,-1,-1,-1,-1,-1
2171,2479,2322,2322,2167,2168,2323,2325,2321,2472,2319,2325,10362,10359,10360,10361,10362,10359,10360,10361,10362,10359,10360,10361,10362,10359,10360,10361,10362,10359,10360,10361,10362,10359,10360,10361,10362,10359,2937,2628,2166,2167,2938,2325,2784,2319,2627,2780,2172,2322,4618,-1,-1,-1,-1,-1,-1,-1,-1,-1,-1,-1,-1,-1,-1,-1,-1,-1,-1,-1,-1,-1,-1,-1,-1,-1,-1,-1,-1,-1,-1,-1,-1,-1,-1,-1,-1,-1,-1,-1,-1,-1,-1,-1,-1,-1,-1,-1,-1,-1,2782,-1,-1,-1,-1,-1,-1,-1,-1,-1,-1,-1,-1,-1,-1,-1,-1,-1,-1,-1,-1,-1,-1,-1,-1,-1,-1,-1,-1,-1,-1,-1,-1,-1,-1,-1,-1,-1,-1,-1,-1,-1,-1,-1,-1,-1,-1,-1,-1,-1
2322,2629,2474,2781,2780,2473,2934,2171,2626,2783,2319,2785,2476,2475,2934,2782,2778,2167,2472,2473,2320,9900,9901,9902,9903,9900,9901,9902,9903,2783,2780,2172,2780,2478,2169,2933,2170,2173,2474,2933,2933,2321,2937,2324,2322,2935,2785,2472,2173,2628,4614,-1,-1,-1,-1,-1,-1,-1,-1,-1,-1,-1,-1,-1,-1,-1,-1,-1,-1,-1,-1,-1,-1,-1,-1,-1,-1,-1,-1,-1,-1,-1,-1,-1,-1,-1,-1,-1,-1,-1,-1,-1,-1,-1,-1,-1,-1,-1,-1,-1,2474,-1,-1,-1,-1,-1,-1,-1,-1,-1,-1,-1,-1,-1,-1,-1,-1,-1,-1,-1,-1,-1,-1,-1,-1,-1,-1,-1,-1,-1,-1,-1,-1,-1,-1,-1,-1,-1,-1,-1,-1,-1,-1,-1,-1,-1,-1,-1,-1,-1
2169,2166,2938,2476,2166,2781,2778,2171,2319,2478,2320,2473,2325,2932,2627,2326,2936,2782,2168,2322,2778,10053,10054,10055,10056,10053,10054,10055,10056,2169,2938,2627,2322,2476,2478,2474,2474,2629,2479,2170,2935,2474,2322,2632,2933,2784,2325,2630,2778,2628,4616,-1,-1,-1,-1,-1,-1,-1,-1,-1,-1,-1,-1,-1,-1,-1,-1,-1,-1,-1,-1,-1,-1,-1,-1,-1,-1,-1,-1,-1,-1,-1,-1,-1,-1,-1,-1,-1,-1,-1,-1,-1,-1,-1,-1,-1,-1,-1,-1,-1,2472,-1,-1,-1,-1,-1,-1,-1,-1,-1,-1,-1,-1,-1,-1,-1,-1,-1,-1,-1,-1,-1,-1,-1,-1,-1,-1,-1,-1,-1,-1,-1,-1,-1,-1,-1,-1,-1,-1,-1,-1,-1,-1,-1,-1,-1,-1,-1,-1,-1
2477,2782,2933,2472,2324,2319,2783,2629,2477,2325,2473,2320,2168,2479,2934,2326,2325,2626,2629,2632,2326,10206,10207,10208,10209,10206,10207,10208,10209,2478,2478,2626,2932,2473,2321,2321,2167,2630,2170,2476,2628,2626,2167,2166,2322,2934,2475,2473,2478,2322,5077,-1,-1,-1,-1,-1,-1,-1,-1,-1,-1,-1,-1,-1,-1,-1,-1,-1,-1,-1,-1,-1,-1,-1,-1,-1,-1,-1,-1,-1,-1,-1,-1,-1,-1,-1,-1,-1,-1,-1,-1,-1,-1,-1,-1,-1,-1,-1,-1,-1,2938,-1,-1,-1,-1,-1,-1,-1,-1,-1,-1,-1,-1,-1,-1,-1,-1,-1,-1,-1,-1,-1,-1,-1,-1,-1,-1,-1,-1,-1,-1,-1,-1,-1,-1,-1,-1,-1,-1,-1,-1,-1,-1,-1,-1,-1,-1,-1,-1,-1
2784,2170,2784,2472,2780,2323,2474,2168,2628,2478,2325,2629,2475,2937,2934,2474,2324,2632,2628,2625,2934,10359,10360,10361,10362,2324,10360,10361,10362,2938,2173,2173,2323,2170,2629,2171,2172,2319,2472,2319,2321,2325,2785,2625,2931,2326,2166,2324,2475,2629,4462,-1,-1,-1,-1,-1,-1,-1,-1,-1,-1,-1,-1,-1,-1,-1,-1,-1,-1,-1,-1,-1,-1,-1,-1,-1,-1,-1,-1,-1,-1,-1,-1,-1,-1,-1,-1,-1,-1,-1,-1,-1,-1,-1,-1,-1,-1,-1,-1,-1,2323,-1,-1,-1,-1,-1,-1,-1,-1,-1,-1,-1,-1,-1,-1,-1,-1,-1,-1,-1,-1,-1,-1,-1,-1,-1,-1,-1,-1,-1,-1,-1,-1,-1,-1,-1,-1,-1,-1,-1,-1,-1,-1,-1,-1,-1,-1,-1,-1,-1
2934,2173,2326,2630,2320,2937,2630,2326,2169,2931,2168,2474,2779,2168,2631,2631,2476,2475,2170,2935,2936,9900,9901,9902,9903,9900,9901,9902,9903,2626,2319,2632,2783,2325,2626,2632,2324,2631,2626,2628,2323,2630,2932,2626,2631,2782,2321,2784,2166,2479,4924,-1,-1,-1,-1,-1,-1,-1,-1,-1,-1,-1,-1,-1,-1,-1,-1,-1,-1,-1,-1,-1,-1,-1,-1,-1,-1,-1,-1,-1,-1,-1,-1,-1,-1,-1,-1,-1,-1,-1,-1,-1,-1,-1,-1,-1,-1,-1,-1,-1,2323,-1,-1,-1,-1,-1,-1,-1,-1,-1,-1,-1,-1,-1,-1,-1,-1,-1,-1,-1,-1,-1,-1,-1,-1,-1,-1,-1,-1,-1,-1,-1,-1,-1,-1,-1,-1,-1,-1,-1,-1,-1,-1,-1,-1,-1,-1,-1,-1,-1
2169,2166,2778,2475,2322,2479,2931,2168,2478,2938,2784,2172,2783,2938,2937,2168,2780,2631,2167,2322,2173,10053,10054,10055,10056,10053,10054,10055,10056,2783,2784,2779,2938,2626,2477,2321,2320,2779,2779,2779,2168,2779,2478,2475,2632,2326,2326,2627,2475,2171,4465,-1,-1,-1,-1,-1,-1,-1,-1,-1,-1,-1,-1,-1,-1,-1,-1,-1,-1,-1,-1,-1,-1,-1,-1,-1,-1,-1,-1,-1,-1,-1,-1,-1,-1,-1,-1,-1,-1,-1,-1,-1,-1,-1,-1,-1,-1,-1,-1,-1,2475,-1,-1,-1,-1,-1,-1,-1,-1,-1,-1,-1,-1,-1,-1,-1,-1,-1,-1,-1,-1,-1,-1,-1,-1,-1,-1,-1,-1,-1,-1,-1,-1,-1,-1,-1,-1,-1,-1,-1,-1,-1,-1,-1,-1,-1,-1,-1,-1,-1
2627,2627,2625,2168,2937,2937,2627,2931,2323,2934,2937,2931,2323,2785,2778,2323,2936,2627,2476,2474,2325,10206,10207,10208,10209,10206,10207,10208,10209,2322,2628,2319,2168,2933,2938,2628,2319,2784,2778,2325,2321,2781,2781,2780,2626,2479,2627,2931,2782,2170,4767,-1,-1,-1,-1,-1,-1,-1,-1,-1,-1,-1,-1,-1,-1,-1,-1,-1,-1,-1,-1,-1,-1,-1,-1,-1,-1,-1,-1,-1,-1,-1,-1,-1,-1,-1,-1,-1,-1,-1,-1,-1,-1,-1,-1,-1,-1,-1,-1,-1,2938,-1,-1,-1,-1,-1,-1,-1,-1,-1,-1,-1,-1,-1,-1,-1,-1,-1,-1,-1,-1,-1,-1,-1,-1,-1,-1,-1,-1,-1,-1,-1,-1,-1,-1,-1,-1,-1,-1,-1,-1,-1,-1,-1,-1,-1,-1,-1,-1,-1
2780,2629,2173,2778,2320,2626,2937,2477,2171,2936,2784,2324,2477,2324,2321,2325,2628,2479,2476,2324,2935,10359,10360,10361,10362,10359,10360,10361,10362,2626,2479,2936,2326,2778,2785,2322,2171,2474,2170,2937,2932,2935,2326,2784,2169,2630,2627,2785,2629,2780,4614,-1,-1,-1,-1,-1,-1,-1,-1,-1,-1,-1,-1,-1,-1,-1,-1,-1,-1,-1,-1,-1,-1,-1,-1,-1,-1,-1,-1,-1,-1,-1,-1,-1,-1,-1,-1,-1,-1,-1,-1,-1,-1,-1,-1,-1,-1,-1,-1,-1,2319,-1,-1,-1,-1,-1,-1,-1,-1,-1,-1,-1,-1,-1,-1,-1,-1,-1,-1,-1,-1,-1,-1,-1,-1,-1,-1,-1,-1,-1,-1,-1,-1,-1,-1,-1,-1,-1,-1,-1,-1,-1,-1,-1,-1,-1,-1,-1,-1,-1
2627,2630,2326,2932,2630,2475,2934,2173,2937,2319,2779,2785,2478,2785,2629,2932,2935,2632,2785,2474,2473,9900,9901,9902,9903,9900,9901,9902,9903,2326,2628,2631,2934,2628,2782,2784,2320,2170,2782,2934,2322,2631,2472,2632,2168,2170,2476,2166,2479,2783,4767,-1,-1,-1,-1,-1,-1,-1,-1,-1,-1,-1,-1,-1,-1,-1,-1,-1,-1,-1,-1,-1,-1,-1,-1,-1,-1,-1,-1,-1,-1,-1,-1,-1,-1,-1,-1,-1,-1,-1,-1,-1,-1,-1,-1,-1,-1,-1,-1,-1,2937,-1,-1,-1,-1,-1,-1,-1,-1,-1,-1,-1,-1,-1,-1,-1,-1,-1,-1,-1,-1,-1,-1,-1,-1,-1,-1,-1,-1,-1,-1,-1,-1,-1,-1,-1,-1,-1,-1,-1,-1,-1,-1,-1,-1,-1,-1,-1,-1,-1
2783,2627,2785,2783,2325,2784,2932,2934,2169,2322,2937,2476,2476,2781,2167,2935,2937,2173,2477,2784,2631,10053,10054,10055,10056,10053,10054,10055,10056,2935,2631,2475,2938,2632,2631,2931,2321,2169,2933,2630,2477,2475,2173,2167,2323,2783,2934,2478,2475,2478,5076,-1,-1,-1,-1,-1,-1,-1,-1,-1,-1,-1,-1,-1,-1,-1,-1,-1,-1,-1,-1,-1,-1,-1,-1,-1,-1,-1,-1,-1,-1,-1,-1,-1,-1,-1,-1,-1,-1,-1,-1,-1,-1,-1,-1,-1,-1,-1,-1,-1,2475,-1,-1,-1,-1,-1,-1,-1,-1,-1,-1,-1,-1,-1,-1,-1,-1,-1,-1,-1,-1,-1,-1,-1,-1,-1,-1,-1,-1,-1,-1,-1,-1,-1,-1,-1,-1,-1,-1,-1,-1,-1,-1,-1,-1,-1,-1,-1,-1,-1
4463,4768,5075,4770,4922,4922,5073,4463,4921,4924,4463,4771,4924,5077,4616,4771,5075,4617,4769,5074,4617,10206,10207,10208,10209,10206,10207,10208,10209,4616,4920,4769,4463,4923,5077,4921,4464,4461,4463,4771,4462,4463,4465,5076,4615,4923,4769,4767,4920,5074,5076,2626,2783,2170,2173,2931,2933,2168,2321,2931,2628,2931,2626,2472,2322,2167,2778,2781,2626,2782,2938,2932,2166,2932,2779,2935,2322,2936,2321,2166,2166,2785,2323,2627,2472,2938,2784,2322,2632,2628,2936,2935,2168,2935,2631,2626,2475,2323,2478,2626,2625,2319,2780,2785,2784,2782,2626,2783,2473,2784,2785,2171,2632,2322,2628,2324,2785,2629,2632,2472,2780,2475,2477,2934,2475,2783,2171,2472,2933,2324,2626,2632,2931,2321,2171,2785,2173,2932,2784,2931,2780,2326,2477,2319,2319,2781,2166,2782,2166,2477
2778,2173,2626,2934,2785,2781,2476,2168,2779,2934,2323,2472,2320,2479,2781,2324,2473,2935,2167,2631,2782,10359,10360,10361,10362,10359,10360,10361,10362,2473,2319,2474,2478,2782,2626,2627,2931,2631,2632,2933,2321,2934,2938,2937,2475,2936,2172,2932,2932,2167,2629,11846,11846,11846,11846,11846,11846,11846,11846,11846,11846,11846,11846,11846,11846,11846,11846,11847,11846,11847,11848,11849,11849,11847,11848,11849,11849,11847,11848,11849,11846,11847,11848,11849,11846,11847,11848,11849,11846,11847,11848,11849,11846,11847,11848,11849,11846,11847,11848,11849,2629,-1,-1,-1,-1,-1,-1,-1,-1,-1,-1,-1,-1,-1,-1,-1,-1,-1,-1,-1,-1,-1,-1,-1,-1,-1,-1,-1,-1,-1,-1,-1,-1,-1,-1,-1,-1,-1,-1,-1,-1,-1,-1,-1,-1,-1,-1,-1,-1,-1
2475,2626,2477,2473,2168,2475,2324,2783,2172,2780,2173,2321,2626,2937,2324,2475,2326,2627,2631,2320,2473,2323,2785,2169,2473,2931,2935,2932,2321,2937,2324,2321,2628,2779,2933,2632,2477,2323,2323,2632,2478,2319,2626,2632,2167,2472,2166,2169,2168,2785,2626,11999,11999,11999,11999,11999,11846,11847,11848,11849,11847,11848,11849,11846,11847,11848,11849,11846,11999,12000,12001,12002,12002,12000,12001,12002,12002,12000,12001,12002,11999,12000,12001,12002,11999,12000,12001,12002,11999,12000,12001,12002,11999,12000,12001,12002,11846,11847,11848,11849,2935,-1,-1,-1,-1,-1,-1,-1,-1,-1,-1,-1,-1,-1,-1,-1,-1,-1,-1,-1,-1,-1,-1,-1,-1,-1,-1,-1,-1,-1,-1,-1,-1,-1,-1,-1,-1,-1,-1,-1,-1,-1,-1,-1,-1,-1,-1,-1,-1,-1
2325,2323,2783,2932,2171,2935,2782,2778,2934,2474,2325,2475,2783,2170,2778,2476,2784,2166,2932,2478,2627,2937,2627,2938,2322,2171,2173,2166,2934,2319,2478,2935,2171,2784,2632,2473,2323,2169,2474,2630,2473,2627,2322,2625,2172,2323,2166,2938,2935,2324,2778,12152,12152,12152,12152,12152,11999,12000,12001,12002,12000,12001,12002,11999,12000,12001,12002,11999,12152,12153,12154,12155,12155,12153,12154,12155,12155,12153,12154,12155,12152,12153,12154,12155,12152,12153,12154,12155,12152,12153,12154,12155,12152,12153,12154,12155,11999,12000,12001,12002,2168,-1,-1,-1,-1,-1,-1,-1,-1,-1,-1,-1,-1,-1,-1,-1,-1,-1,-1,-1,-1,-1,-1,-1,-1,-1,-1,-1,-1,-1,-1,-1,-1,-1,-1,-1,-1,-1,-1,-1,-1,-1,-1,-1,-1,-1,-1,-1,-1,-1
2169,2935,2628,2936,2627,2785,2476,2931,2319,2783,2783,2631,2477,2172,2325,2323,2932,2932,2322,2320,2779,2168,2167,2473,2323,2323,2781,2171,2173,2931,2321,2168,2778,2473,2472,2784,2320,2171,2168,2782,2625,2168,2476,2630,2782,2629,2319,2166,2626,2935,2167,12305,12305,12305,12305,12305,12152,12153,12154,12155,12153,12154,12155,12152,12153,12154,12155,12152,12305,12306,12307,12308,12308,12306,12307,12308,12308,12306,12307,12308,12305,12306,12307,12308,12305,12306,12307,12308,12305,12306,12307,12308,12305,12306,12307,12308,12152,12153,12154,12155,2779,-1,-1,-1,-1,-1,-1,-1,-1,-1,-1,-1,-1,-1,-1,-1,-1,-1,-1,-1,-1,-1,-1,-1,-1,-1,-1,-1,-1,-1,-1,-1,-1,-1,-1,-1,-1,-1,-1,-1,-1,-1,-1,-1,-1,-1,-1,-1,-1,-1
2937,2170,2322,2934,2168,2322,2779,2630,2625,2478,2935,2322,2323,2474,2935,2324,2935,2778,2479,2780,2479,2472,2627,2625,2781,2169,2625,2934,2474,2326,2479,2937,2938,2172,2933,2627,2632,2625,2632,2167,2934,2934,2931,2325,2935,2627,2321,2325,2784,2938,2477,12304,12305,12306,12307,12308,12305,12306,12307,12308,12306,12307,12308,12305,12306,12307,12308,12305,12305,12305,12305,12305,12306,12307,12308,11847,11846,11847,11848,11849,12305,12306,12307,12308,12306,12307,12308,12305,12306,12307,12308,12305,12306,12307,12308,12305,12305,12306,12307,12308,2168,-1,-1,-1,-1,-1,-1,-1,-1,-1,-1,-1,-1,-1,-1,-1,-1,-1,-1,-1,-1,-1,-1,-1,-1,-1,-1,-1,-1,-1,-1,-1,-1,-1,-1,-1,-1,-1,-1,-1,-1,-1,-1,-1,-1,-1,-1,-1,-1,-1
2476,2937,2472,2938,2932,2326,2631,2477,2167,2322,2782,2324,2172,2937,2479,2782,2625,2625,2938,2937,2626,2324,2932,2324,2479,2631,2626,2630,2326,2319,2477,2934,2321,2166,2474,2326,2627,2319,2938,2630,2938,2166,2780,2479,2630,2478,2167,2322,2476,2781,2631,12037,12187,12187,12034,12189,11882,11883,12188,11884,12037,12037,12189,12035,12187,12036,12036,11883,12189,11882,11845,11846,11846,11847,11848,11849,11847,11848,11849,11850,12037,11884,12187,12188,11884,12036,12187,12034,11881,11882,12190,12189,11882,12034,12190,11884,12189,12034,12036,11881,2783,-1,-1,-1,-1,-1,-1,-1,-1,-1,-1,-1,-1,-1,-1,-1,-1,-1,-1,-1,-1,-1,-1,-1,-1,-1,-1,-1,-1,-1,-1,-1,-1,-1,-1,-1,-1,-1,-1,-1,-1,-1,-1,-1,-1,-1,-1,-1,-1,-1
2169,2321,2324,2629,2627,2781,2477,2631,2935,2778,2475,2323,2937,2169,2932,2931,2780,2473,2780,2478,2625,2474,2320,2629,2937,2938,2932,2935,2320,2173,2173,2937,2933,2630,2779,2627,2783,2167,2784,2932,2936,2782,2326,2629,2326,2474,2323,2631,2324,2781,2778,12036,12034,12189,12037,11883,11884,12035,12189,11883,12190,12188,11881,12035,11884,11883,12036,12034,12036,11883,11998,11999,11999,12000,12001,12002,12000,12001,12002,12003,12036,12035,11883,12190,12035,12034,12037,12190,11883,12189,11881,12190,12187,12187,11884,12034,12037,12188,12036,12190,2320,-1,-1,-1,-1,-1,-1,-1,-1,-1,-1,-1,-1,-1,-1,-1,-1,-1,-1,-1,-1,-1,-1,-1,-1,-1,-1,-1,-1,-1,-1,-1,-1,-1,-1,-1,-1,-1,-1,-1,-1,-1,-1,-1,-1,-1,-1,-1,-1,-1
2631,2170,2779,2625,2934,2628,2478,2778,2632,2325,2472,2172,2326,2476,2933,2935,2936,2475,2319,2320,2629,2779,2326,2321,2937,2168,2171,2479,2932,2472,2631,2168,2171,2628,2931,2476,2472,2475,2934,2782,2169,2935,2625,2783,2173,2935,2169,2168,2170,2632,2324,11882,12037,12187,12187,12187,12034,12035,12037,11882,12190,12034,12037,12037,12037,11882,12190,12037,12034,12035,12151,12152,12152,12153,12154,12155,12153,12154,12155,12156,12037,12034,12188,12034,12035,11884,11884,11883,12035,11881,12189,12190,11883,12188,12190,11882,11883,12189,12034,11882,2782,-1,-1,-1,-1,-1,-1,-1,-1,-1,-1,-1,-1,-1,-1,-1,-1,-1,-1,-1,-1,-1,-1,-1,-1,-1,-1,-1,-1,-1,-1,-1,-1,-1,-1,-1,-1,-1,-1,-1,-1,-1,-1,-1,-1,-1,-1,-1,-1,-1
2780,2170,2778,2168,2320,2779,2172,2778,2320,2780,2474,2325,2932,2785,2935,2778,2472,2937,2474,2170,2931,2932,2932,2632,2631,2171,2778,2325,2628,2324,2166,2932,2169,2478,2780,2169,2319,2632,2320,2783,2326,2933,2936,2932,2781,2323,2173,2632,2781,2632,2931,12187,12035,11883,11883,11881,12189,12188,12187,11881,12189,12190,12037,11882,12034,12188,12037,11881,12036,12189,12304,12305,12305,12306,12307,12308,12306,12307,12308,12309,12190,11884,12188,11883,12035,11884,12036,12187,12036,12190,12036,11881,11882,12189,11883,11882,12190,12187,11883,12190,2626,-1,-1,-1,-1,-1,-1,-1,-1,-1,-1,-1,-1,-1,-1,-1,-1,-1,-1,-1,-1,-1,-1,-1,-1,-1,-1,-1,-1,-1,-1,-1,-1,-1,-1,-1,-1,-1,-1,-1,-1,-1,-1,-1,-1,-1,-1,-1,-1,-1
2937,2476,2628,2631,2931,2628,2625,2321,2630,2630,2781,2778,2320,2325,2934,2168,2784,2478,2934,2785,2785,2472,2171,2936,2780,2324,2167,2320,2173,2632,2629,2630,2781,2936,2938,2932,2173,2319,2784,2171,2632,2778,2934,2167,2936,2632,2474,2933,2934,2778,2321,12035,12188,12187,11881,12188,12035,11883,12190,12034,11881,11882,12034,11884,11881,12037,12188,12034,12189,12036,11845,11846,11846,11847,11848,11849,11847,11848,11849,11850,12190,11884,11881,11881,11881,12036,11883,11882,12034,11882,12190,11881,12187,11882,12034,12037,11881,12189,11881,11883,2779,-1,-1,-1,-1,-1,-1,-1,-1,-1,-1,-1,-1,-1,-1,-1,-1,-1,-1,-1,-1,-1,-1,-1,-1,-1,-1,-1,-1,-1,-1,-1,-1,-1,-1,-1,-1,-1,-1,-1,-1,-1,-1,-1,-1,-1,-1,-1,-1,-1
2931,2168,2322,2475,2170,2169,2931,2171,2780,2479,2168,2167,2778,2780,2321,2632,2322,2629,2782,2167,2780,2627,2931,2632,2935,2476,2784,2779,2628,2172,2324,2782,2632,2783,2784,2479,2780,2631,2322,2938,2171,2938,2781,2934,2937,2475,2935,2479,2785,2173,2167,11884,12037,12188,11882,12190,11881,11882,12187,12036,12036,12035,12037,12037,12189,12188,11882,11883,12189,12035,11998,11999,11999,12000,12001,12002,12000,12001,12002,12003,12187,12037,12187,11882,11882,12036,12036,11884,12035,12188,12190,12190,11884,12188,11881,12035,12187,11883,12189,11882,2931,-1,-1,-1,-1,-1,-1,-1,-1,-1,-1,-1,-1,-1,-1,-1,-1,-1,-1,-1,-1,-1,-1,-1,-1,-1,-1,-1,-1,-1,-1,-1,-1,-1,-1,-1,-1,-1,-1,-1,-1,-1,-1,-1,-1,-1,-1,-1,-1,-1
2785,2169,2321,2477,2630,2325,2320,2627,2938,2474,2166,2166,2936,2628,2931,2627,2173,2169,2629,2778,2324,2476,2319,2783,2321,2933,2169,2170,2934,2475,2625,2324,2628,2169,2782,2933,2320,2167,2167,2937,2319,2630,2781,2169,2938,2476,2784,2629,2627,2171,2325,11884,12190,11884,12037,11884,11881,12035,12035,11883,12036,11883,12189,11883,12037,12034,12190,12190,12035,12189,12151,12152,12152,12153,12154,12155,12153,12154,12155,12156,12190,11883,12034,12035,12189,12037,12035,11884,12037,12034,12189,12187,12035,12188,12188,12189,12036,12037,12035,12034,2782,-1,-1,-1,-1,-1,-1,-1,-1,-1,-1,-1,-1,-1,-1,-1,-1,-1,-1,-1,-1,-1,-1,-1,-1,-1,-1,-1,-1,-1,-1,-1,-1,-1,-1,-1,-1,-1,-1,-1,-1,-1,-1,-1,-1,-1,-1,-1,-1,-1
2784,2629,2628,2172,2171,2476,2475,2783,2938,2935,2324,2477,2931,2474,2780,2474,2934,2477,2784,2479,2168,2781,2779,2476,2784,2936,2475,2173,2167,2166,2784,2478,2934,2474,2784,2627,2320,2171,2785,2325,2324,2479,2781,2478,2630,2324,2784,2626,2476,2785,2934,12188,11882,11881,11881,12036,12034,12190,12188,11883,12037,12034,11881,12189,12188,11884,11884,12190,11883,12189,12304,12305,12305,12306,12307,12308,12306,12307,12308,12309,11881,12034,12034,11884,12188,12189,12187,11881,12187,12037,12189,12035,12190,12036,12037,11884,12190,11882,11881,11883,2632,-1,-1,-1,-1,-1,-1,-1,-1,-1,-1,-1,-1,-1,-1,-1,-1,-1,-1,-1,-1,-1,-1,-1,-1,-1,-1,-1,-1,-1,-1,-1,-1,-1,-1,-1,-1,-1,-1,-1,-1,-1,-1,-1,-1,-1,-1,-1,-1,-1
2936,2476,2321,2625,2780,2626,2169,2937,2322,2172,2167,2319,2931,2935,2632,2938,2626,2479,2474,2326,2782,2626,2472,2632,2779,2628,2783,2782,2778,2320,2323,2932,2932,2478,2628,2477,2319,2626,2784,2628,2473,2323,2934,2170,2167,2781,2320,2783,2326,2627,2168,11883,12035,12188,12189,11881,12189,11881,12188,12034,12190,11884,11881,12187,12189,11882,12037,11884,12037,11884,11845,11846,11846,11847,11848,11849,11847,11848,11849,11850,12036,12035,12035,11883,12187,12189,12035,11883,12035,12034,12187,11881,12189,12036,12189,12190,12036,12188,12190,12035,2778,-1,-1,-1,-1,-1,-1,-1,-1,-1,-1,-1,-1,-1,-1,-1,-1,-1,-1,-1,-1,-1,-1,-1,-1,-1,-1,-1,-1,-1,-1,-1,-1,-1,-1,-1,-1,-1,-1,-1,-1,-1,-1,-1,-1,-1,-1,-1,-1,-1
2320,2166,2785,2172,2631,2627,2629,2166,2326,2321,2172,2477,2323,2937,2627,2478,2173,2932,2935,2172,2937,2938,2785,2628,2171,2479,2779,2935,2625,2933,2325,2779,2319,2322,2325,2172,2326,2784,2166,2629,2473,2936,2170,2937,2474,2171,2782,2780,2937,2478,2932,12036,12036,12035,12037,11884,12188,12187,11884,12034,11884,11881,12188,12035,12036,11881,11884,11882,12036,11884,11998,11999,11999,12000,12001,12002,12000,12001,12002,12003,12187,11883,12190,12190,12190,12036,12187,11881,12035,11884,12188,11884,12035,11882,11881,12188,12034,12035,12035,12037,2934,-1,-1,-1,-1,-1,-1,-1,-1,-1,-1,-1,-1,-1,-1,-1,-1,-1,-1,-1,-1,-1,-1,-1,-1,-1,-1,-1,-1,-1,-1,-1,-1,-1,-1,-1,-1,-1,-1,-1,-1,-1,-1,-1,-1,-1,-1,-1,-1,-1
2935,2171,2169,2933,2631,2167,2474,2173,2781,2781,2936,2171,2476,2931,2320,2631,2933,2935,2169,2479,2629,2322,2169,2631,2472,2629,2631,2478,2322,2632,2932,2630,2479,2629,2935,2322,2937,2627,2934,2319,2166,2472,2936,2631,2937,2631,2782,2936,2935,2173,2326,12037,12036,11883,12036,11881,12190,12035,12189,12034,12034,12188,12187,11882,12188,11884,12187,11881,12037,12187,12151,12152,12152,12153,12154,12155,12153,12154,12155,12156,12036,12189,11881,12034,12034,12036,12188,11884,12188,11881,12189,12037,12188,12034,12034,12036,12189,11881,11883,12187,2172,-1,-1,-1,-1,-1,-1,-1,-1,-1,-1,-1,-1,-1,-1,-1,-1,-1,-1,-1,-1,-1,-1,-1,-1,-1,-1,-1,-1,-1,-1,-1,-1,-1,-1,-1,-1,-1,-1,-1,-1,-1,-1,-1,-1,-1,-1,-1,-1,-1
2629,2937,2324,2319,2324,2783,2932,2626,2937,2785,2780,2785,2476,2785,2170,2932,2625,2476,2324,2477,2472,2171,2936,2168,2632,2169,2326,2169,2783,2631,2783,2322,2783,2166,2320,2319,2173,2323,2320,2171,2935,2629,2780,2319,2628,2319,2320,2632,2320,2779,2168,11881,12037,12037,11883,11883,11884,12037,12036,11884,11882,11882,11884,12036,11884,12037,11881,12189,12034,12036,12304,12305,11846,11847,11848,11849,12306,12307,12308,12309,12188,12189,12190,12190,12190,11884,12188,11881,12187,12190,12034,12189,11882,11884,12036,12190,12188,11884,12037,12036,2628,-1,-1,-1,-1,-1,-1,-1,-1,-1,-1,-1,-1,-1,-1,-1,-1,-1,-1,-1,-1,-1,-1,-1,-1,-1,-1,-1,-1,-1,-1,-1,-1,-1,-1,-1,-1,-1,-1,-1,-1,-1,-1,-1,-1,-1,-1,-1,-1,-1
2169,2778,2934,2325,2630,2172,2324,2933,2323,2322,2321,2631,2629,2627,2625,2169,2476,2167,2325,2173,2320,2629,2326,2166,2936,2936,2166,2631,2321,2479,2473,2326,2931,2319,2323,2784,2932,2166,2166,2169,2935,2322,2936,2473,2785,2628,2475,2629,2325,2931,2167,12037,12036,12187,11881,12188,12187,12036,12034,12190,12034,12187,11884,12037,12035,12190,12035,12036,11881,11883,11845,11846,11999,12000,12001,12002,11847,11848,11849,11850,12189,11883,12036,12189,12036,11883,12035,12037,11883,12187,12187,11883,12187,12035,11882,11883,11883,11882,12187,12187,2630,-1,-1,-1,-1,-1,-1,-1,-1,-1,-1,-1,-1,-1,-1,-1,-1,-1,-1,-1,-1,-1,-1,-1,-1,-1,-1,-1,-1,-1,-1,-1,-1,-1,-1,-1,-1,-1,-1,-1,-1,-1,-1,-1,-1,-1,-1,-1,-1,-1
2172,2166,2319,2173,2629,2936,2479,2170,2478,2167,2934,2781,2937,2934,2172,2170,2631,2166,2321,2937,2781,2322,2478,2479,2779,2783,2473,2324,2629,2631,2173,2173,2326,2168,2474,2473,2631,2784,2934,2938,2324,2166,2629,2168,2326,2319,2324,2324,2323,2323,2782,12189,12187,12037,12189,12187,12037,12034,11883,12187,11881,12036,12188,12034,12034,12037,12034,11883,11883,12190,11998,11999,12152,12153,12154,12155,12000,12001,12002,12003,12034,12188,12035,12036,12036,12189,12036,11881,12188,12035,12188,12037,12189,12035,12188,12188,12035,11884,12188,12187,2472,-1,-1,-1,-1,-1,-1,-1,-1,-1,-1,-1,-1,-1,-1,-1,-1,-1,-1,-1,-1,-1,-1,-1,-1,-1,-1,-1,-1,-1,-1,-1,-1,-1,-1,-1,-1,-1,-1,-1,-1,-1,-1,-1,-1,-1,-1,-1,-1,-1
2326,2477,2781,2166,2629,2326,2779,2472,2629,2934,2169,2172,2937,2625,2168,2632,2168,2782,2320,2325,2171,2473,2325,2166,2171,2477,2784,2782,2320,2632,2627,2625,2628,2632,2172,2171,2169,2325,2173,2325,2171,2782,2172,2933,2325,2628,2322,2325,2779,2326,2628,12035,11882,12188,12188,11884,12188,12187,12037,11881,11884,12189,11882,12034,11884,11883,11882,12190,12037,11882,12151,12152,12305,12306,12307,12308,12153,12154,12155,12156,12188,11881,12189,11883,11881,12036,11882,12037,11883,11882,12188,12187,11882,12188,12034,12189,11881,12034,11883,12037,2474,-1,-1,-1,-1,-1,-1,-1,-1,-1,-1,-1,-1,-1,-1,-1,-1,-1,-1,-1,-1,-1,-1,-1,-1,-1,-1,-1,-1,-1,-1,-1,-1,-1,-1,-1,-1,-1,-1,-1,-1,-1,-1,-1,-1,-1,-1,-1,-1,-1
2321,2173,2779,2631,2780,2168,2932,2321,2475,2323,2472,2476,2783,2167,2477,2937,2324,2785,2628,2937,2778,2780,2324,2322,2319,2632,2326,2936,2937,2933,2784,2630,2474,2322,2472,2781,2938,2784,2779,2478,2782,2782,2319,2319,2472,2322,2933,2628,2474,2781,2167,12188,11881,12187,12034,11884,12034,11882,11884,12034,11884,12034,12190,11884,12187,11882,11882,11884,12189,12034,12304,12305,12152,12153,12154,12155,12306,12307,12308,12309,12187,11883,12035,12035,12187,12190,11882,11884,11882,12035,12036,12036,11881,12034,12035,12187,11883,12036,11881,11883,2779,-1,-1,-1,-1,-1,-1,-1,-1,-1,-1,-1,-1,-1,-1,-1,-1,-1,-1,-1,-1,-1,-1,-1,-1,-1,-1,-1,-1,-1,-1,-1,-1,-1,-1,-1,-1,-1,-1,-1,-1,-1,-1,-1,-1,-1,-1,-1,-1,-1
2322,2478,2933,2630,2168,2478,2172,2625,2169,2473,2631,2627,2172,2472,2632,2170,2935,2934,2171,2478,2321,2319,2625,2632,2627,2479,2166,2166,2320,2479,2322,2475,2626,2780,2781,2938,2934,2325,2325,2319,2785,2173,2934,2628,2325,2479,2625,2783,2932,2319,2631,11882,12034,12188,11884,11884,11884,11882,11881,12188,12187,11884,12035,12189,12189,12190,12188,12189,12190,12037,11845,11846,11846,11847,11848,11849,11847,11848,11849,11850,12187,11883,12187,12189,12034,11882,12035,11883,12188,11884,11881,12034,11884,11881,12035,11881,12035,12189,12035,11883,2166,-1,-1,-1,-1,-1,-1,-1,-1,-1,-1,-1,-1,-1,-1,-1,-1,-1,-1,-1,-1,-1,-1,-1,-1,-1,-1,-1,-1,-1,-1,-1,-1,-1,-1,-1,-1,-1,-1,-1,-1,-1,-1,-1,-1,-1,-1,-1,-1,-1
2322,2626,2630,2626,2168,2629,2173,2475,2321,2937,2326,2627,2782,2325,2476,2783,2321,2632,2325,2778,2325,2479,2173,2626,2474,2473,2629,2319,2173,2784,2472,2785,2473,2171,2933,2630,2783,2479,2937,2173,2166,2779,2784,2477,2779,2472,2322,2779,2630,2936,2319,11882,12187,12034,12034,12035,12036,12036,12190,12037,12037,12034,12187,12037,12036,12188,12036,11883,11883,12035,11998,11999,11999,12000,12001,12002,12000,12001,12002,12003,12187,11881,12036,12189,12036,12037,12190,12187,12034,11881,12189,12188,12187,12189,12187,12189,11882,11883,12035,11883,2778,-1,-1,-1,-1,-1,-1,-1,-1,-1,-1,-1,-1,-1,-1,-1,-1,-1,-1,-1,-1,-1,-1,-1,-1,-1,-1,-1,-1,-1,-1,-1,-1,-1,-1,-1,-1,-1,-1,-1,-1,-1,-1,-1,-1,-1,-1,-1,-1,-1
2168,2323,2782,2478,2778,2477,2781,2778,2474,2172,2169,2325,2933,2631,2320,2785,2478,2325,2628,2933,2324,2167,2627,2477,2933,2171,2169,2168,2626,2173,2938,2630,2320,2629,2782,2477,2319,2778,2630,2169,2474,2781,2168,2784,2172,2778,2473,2323,2938,2167,2170,12034,11881,12037,12034,12190,11881,12036,12036,12035,12036,12036,12190,12189,12034,12034,11882,12189,12189,11884,12151,12152,12152,12153,12154,12155,12153,12154,12155,12156,11882,12034,11881,12037,12189,12035,11883,12189,11884,12190,12037,11883,12036,12190,12034,12035,12187,12034,12036,12036,2472,-1,-1,-1,-1,-1,-1,-1,-1,-1,-1,-1,-1,-1,-1,-1,-1,-1,-1,-1,-1,-1,-1,-1,-1,-1,-1,-1,-1,-1,-1,-1,-1,-1,-1,-1,-1,-1,-1,-1,-1,-1,-1,-1,-1,-1,-1,-1,-1,-1
2323,2168,2934,2625,2782,2630,2324,2625,2934,2783,2625,2629,2173,2628,2632,2171,2320,2171,2631,2629,2626,2320,2625,2323,2478,2937,2475,2782,2936,2931,2324,2933,2631,2780,2166,2321,2934,2170,2323,2478,2173,2779,2931,2169,2631,2785,2321,2171,2171,2627,2477,12189,11881,12187,11884,11883,11882,12035,12187,11881,12188,12037,12188,12035,12035,11883,12034,12034,11882,12036,12304,12305,12305,12306,12307,12308,12306,12307,12308,12309,12187,12035,12189,11883,11883,11882,12188,12189,11883,12187,12036,12037,12189,11882,12035,12037,12189,11883,12187,12187,2170,-1,-1,-1,-1,-1,-1,-1,-1,-1,-1,-1,-1,-1,-1,-1,-1,-1,-1,-1,-1,-1,-1,-1,-1,-1,-1,-1,-1,-1,-1,-1,-1,-1,-1,-1,-1,-1,-1,-1,-1,-1,-1,-1,-1,-1,-1,-1,-1,-1
2324,2479,2630,2785,2932,2171,2938,2632,2322,2625,2632,2938,2172,2781,2778,2478,2322,2173,2933,2319,2628,2167,2629,2780,2475,2173,2479,2782,2172,2785,2779,2324,2938,2325,2934,2785,2324,2169,2938,2322,2473,2172,2475,2783,2933,2933,2171,2479,2934,2631,2472,11882,12188,11882,12034,12190,12034,11884,12187,11883,12190,12189,12189,11882,12190,12190,12035,12190,11882,12036,11845,11846,11846,11847,11848,11849,11847,11848,11849,11850,11881,12035,11882,12188,12188,11884,11882,12189,11884,12187,12035,11882,11884,12034,12035,12190,12035,12034,12034,12189,2779,-1,-1,-1,-1,-1,-1,-1,-1,-1,-1,-1,-1,-1,-1,-1,-1,-1,-1,-1,-1,-1,-1,-1,-1,-1,-1,-1,-1,-1,-1,-1,-1,-1,-1,-1,-1,-1,-1,-1,-1,-1,-1,-1,-1,-1,-1,-1,-1,-1
2936,2779,2625,2167,2320,2934,2629,2934,2936,2628,2172,2626,2475,2934,2931,2785,2626,2325,2173,2629,2937,2472,2785,2168,2625,2322,2322,2321,2173,2167,2783,2324,2630,2168,2934,2166,2631,2321,2320,2625,2632,2781,2321,2168,2325,2627,2937,2627,2625,2933,2937,12035,12187,11881,12187,12189,12037,12036,12036,12187,12036,11883,12037,12036,12035,12188,11882,11882,12037,11884,11998,11999,11999,12000,12001,12002,12000,12001,12002,12003,12187,12037,12187,12036,12187,11881,12036,12189,12189,12190,12037,11882,12187,12190,12037,11884,11881,11881,11881,11882,2931,-1,-1,-1,-1,-1,-1,-1,-1,-1,-1,-1,-1,-1,-1,-1,-1,-1,-1,-1,-1,-1,-1,-1,-1,-1,-1,-1,-1,-1,-1,-1,-1,-1,-1,-1,-1,-1,-1,-1,-1,-1,-1,-1,-1,-1,-1,-1,-1,-1
2171,2320,2779,2474,2326,2321,2472,2625,2168,2780,2326,2321,2632,2472,2474,2784,2478,2778,2629,2780,2326,2937,2475,2320,2935,2632,2168,2627,2627,2166,2629,2783,2173,2936,2321,2933,2625,2627,2778,2632,2475,2625,2172,2324,2628,2171,2166,2629,2321,2477,2627,12037,12190,11884,12190,12036,12036,12190,11882,12190,12190,11882,12187,11881,12037,12187,12190,11882,11882,11884,12151,12152,11846,11847,11848,11849,12153,12154,12155,12156,12034,11881,12187,12187,11884,12035,12035,12036,12034,12189,12190,12036,12188,12035,11883,12187,11882,12037,12034,11883,2324,-1,-1,-1,-1,-1,-1,-1,-1,-1,-1,-1,-1,-1,-1,-1,-1,-1,-1,-1,-1,-1,-1,-1,-1,-1,-1,-1,-1,-1,-1,-1,-1,-1,-1,-1,-1,-1,-1,-1,-1,-1,-1,-1,-1,-1,-1,-1,-1,-1
2169,2627,2780,2785,2933,2320,2473,2476,2629,2779,2780,2477,2632,2172,2326,2168,2937,2783,2785,2625,2169,2475,2171,2779,2478,2937,2785,2169,2782,2783,2477,2628,2931,2476,2778,2625,2478,2627,2169,2472,2626,2475,2628,2631,2782,2322,2321,2932,2166,2632,2473,11882,12036,11884,11881,12188,11883,12036,12187,12189,11882,12036,12189,11881,12188,12035,12034,12189,12189,11884,12304,12305,11999,12000,12001,12002,12306,12307,12308,12309,11881,11882,11883,12187,11882,12034,12190,12190,12037,12035,11884,12034,11882,12188,12035,12190,12036,12035,12037,11882,2784,-1,-1,-1,-1,-1,-1,-1,-1,-1,-1,-1,-1,-1,-1,-1,-1,-1,-1,-1,-1,-1,-1,-1,-1,-1,-1,-1,-1,-1,-1,-1,-1,-1,-1,-1,-1,-1,-1,-1,-1,-1,-1,-1,-1,-1,-1,-1,-1,-1
2473,2631,2625,2933,2171,2782,2785,2779,2935,2781,2783,2778,2630,2778,2323,2172,2172,2934,2476,2322,2326,2784,2780,2628,2478,2173,2473,2473,2932,2475,2479,2932,2632,2168,2626,2778,2172,2936,2475,2630,2778,2476,2783,2785,2167,2625,2627,2170,2319,2323,2170,12034,12034,12034,12188,11881,12190,11881,11884,12037,12034,11883,11884,12188,12036,12189,12187,12189,12187,12036,11845,11846,12152,12153,12154,12155,11847,11848,11849,11850,12036,11884,12190,11884,12188,11883,12187,12036,11884,11884,12035,12187,12189,12187,12187,12190,12188,12187,12034,11882,2938,-1,-1,-1,-1,-1,-1,-1,-1,-1,-1,-1,-1,-1,-1,-1,-1,-1,-1,-1,-1,-1,-1,-1,-1,-1,-1,-1,-1,-1,-1,-1,-1,-1,-1,-1,-1,-1,-1,-1,-1,-1,-1,-1,-1,-1,-1,-1,-1,-1
2166,2167,2326,2631,2933,2473,2934,2629,2780,2324,2170,2779,2474,2171,2631,2322,2784,2321,2933,2474,2932,2479,2472,2631,2324,2934,2474,2625,2167,2320,2937,2170,2473,2781,2933,2472,2938,2630,2781,2323,2782,2632,2171,2319,2320,2629,2325,2173,2477,2778,2628,12187,11882,12188,12036,11882,12190,12188,12187,12189,12188,12190,12187,12189,12035,12036,12188,11882,12037,12189,11998,11999,12305,12306,12307,12308,12000,12001,12002,12003,12190,11884,11881,12187,11884,12036,11881,12037,12035,11883,12189,11882,12035,12034,12035,12037,12189,11883,12036,11881,2474,-1,-1,-1,-1,-1,-1,-1,-1,-1,-1,-1,-1,-1,-1,-1,-1,-1,-1,-1,-1,-1,-1,-1,-1,-1,-1,-1,-1,-1,-1,-1,-1,-1,-1,-1,-1,-1,-1,-1,-1,-1,-1,-1,-1,-1,-1,-1,-1,-1
2319,2936,2473,2169,2627,2783,2627,2479,2474,2783,2629,2323,2173,2166,2474,2325,2473,2628,2476,2326,2326,2166,2936,2632,2626,2783,2472,2782,2784,2479,2322,2473,2475,2171,2626,2782,2326,2630,2934,2168,2472,2476,2933,2321,2472,2474,2171,2321,2938,2326,2325,12034,12034,11882,11883,12187,12189,12189,11883,12190,12034,12034,12187,12035,11883,11882,12034,12188,12036,12188,12151,12152,11846,11847,11848,11849,12153,12154,12155,12156,12187,12035,12036,11883,12189,11884,12187,11884,11881,12037,11882,12190,12034,12034,12035,12189,11884,11881,12034,11883,2631,-1,-1,-1,-1,-1,-1,-1,-1,-1,-1,-1,-1,-1,-1,-1,-1,-1,-1,-1,-1,-1,-1,-1,-1,-1,-1,-1,-1,-1,-1,-1,-1,-1,-1,-1,-1,-1,-1,-1,-1,-1,-1,-1,-1,-1,-1,-1,-1,-1
2171,2626,2321,2632,2628,2473,2631,2631,2779,2627,2472,2785,2780,2319,2935,2325,2629,2629,2167,2936,2323,2937,2173,2325,2781,2166,2473,2170,2780,2474,2781,2319,2783,2625,2168,2472,2779,2784,2784,2631,2785,2326,2168,2168,2779,2781,2628,2477,2781,2628,2322,12034,11884,12037,12037,12034,12035,12034,12036,12037,12037,12187,12035,11882,12190,11883,12190,11883,12034,12190,12304,12305,11999,12000,12001,12002,12306,12307,12308,12309,11883,11881,12036,11882,11884,12035,11882,11882,12034,12189,11884,12190,12037,11881,11882,12187,12036,12188,11883,12190,2476,-1,-1,-1,-1,-1,-1,-1,-1,-1,-1,-1,-1,-1,-1,-1,-1,-1,-1,-1,-1,-1,-1,-1,-1,-1,-1,-1,-1,-1,-1,-1,-1,-1,-1,-1,-1,-1,-1,-1,-1,-1,-1,-1,-1,-1,-1,-1,-1,-1
2630,2935,2782,2172,2319,2780,2933,2627,2167,2170,2625,2475,2323,2478,2322,2932,2325,2321,2631,2478,2325,2779,2629,2629,2478,2475,2783,2629,2934,2473,2172,2782,2778,2477,2326,2172,2168,2166,2168,2626,2172,2473,2779,2323,2322,2475,2937,2632,2324,2172,2171,12190,12037,12188,12189,12035,12188,12034,12036,12190,12189,11882,11882,11881,12188,12190,12190,12036,12188,11881,11845,11846,12152,12153,12154,12155,11847,11848,11849,11850,11881,12189,12035,12035,12037,12189,12187,11882,11882,12035,12188,11883,11881,12037,12036,12035,12035,12035,12189,11882,2778,-1,-1,-1,-1,-1,-1,-1,-1,-1,-1,-1,-1,-1,-1,-1,-1,-1,-1,-1,-1,-1,-1,-1,-1,-1,-1,-1,-1,-1,-1,-1,-1,-1,-1,-1,-1,-1,-1,-1,-1,-1,-1,-1,-1,-1,-1,-1,-1,-1
2932,2784,2323,2166,2627,2166,2474,2785,2626,2171,2934,2629,2782,2779,2933,2319,2475,2783,2780,2938,2476,2478,2778,2626,2320,2325,2932,2320,2321,2630,2935,2167,2629,2931,2476,2931,2477,2168,2171,2171,2171,2933,2326,2781,2784,2628,2934,2627,2779,2167,2321,12188,12189,12035,12189,12189,11881,12187,11884,11881,12036,12189,12034,12188,11882,12190,12189,11883,12187,12188,11998,11999,12305,12306,12307,12308,12000,12001,12002,12003,11884,12190,11884,12190,12190,12037,11883,12187,12037,11881,12187,12188,11883,12035,12190,12187,12035,12037,12036,12187,2779,-1,-1,-1,-1,-1,-1,-1,-1,-1,-1,-1,-1,-1,-1,-1,-1,-1,-1,-1,-1,-1,-1,-1,-1,-1,-1,-1,-1,-1,-1,-1,-1,-1,-1,-1,-1,-1,-1,-1,-1,-1,-1,-1,-1,-1,-1,-1,-1,-1
2781,2172,2778,2170,2168,2932,2475,2169,2171,2631,2931,2785,2173,2167,2783,2629,2170,2784,2783,2171,2323,2783,2478,2628,2931,2935,2935,2321,2783,2630,2931,2320,2479,2172,2782,2629,2479,2785,2325,2325,2166,2631,2938,2936,2475,2936,2319,2325,2171,2475,2170,12187,12187,11884,12035,11883,12036,12187,12187,11884,12037,12035,11881,12036,12190,12189,12036,11882,12036,12037,12151,11846,11847,11848,11849,12152,12153,12154,12155,12156,12190,12035,12034,11882,12036,11882,11882,12187,12189,11883,12036,12189,11883,12036,11881,11882,12035,12037,12037,12187,2172,-1,-1,-1,-1,-1,-1,-1,-1,-1,-1,-1,-1,-1,-1,-1,-1,-1,-1,-1,-1,-1,-1,-1,-1,-1,-1,-1,-1,-1,-1,-1,-1,-1,-1,-1,-1,-1,-1,-1,-1,-1,-1,-1,-1,-1,-1,-1,-1,-1
2934,2167,2166,2323,2172,2321,2630,2934,2931,2630,2626,2324,2632,2785,2936,2166,2323,2322,2625,2477,2321,2168,2167,2935,2781,2779,2632,2628,2472,2784,2321,2168,2326,2782,2475,2472,2324,2782,2166,2779,2166,2326,2935,2779,2632,2782,2173,2779,2475,2166,2324,11882,12035,12035,12034,12189,12034,11882,11882,11881,11881,11883,12034,12037,11884,12190,12037,12187,12188,12035,12304,11999,12000,12001,12002,12305,12306,12307,12308,12309,11882,12189,12187,12190,11884,11881,12034,11883,12190,12188,12036,12187,11882,12190,12037,11881,11884,11884,11883,11883,2166,-1,-1,-1,-1,-1,-1,-1,-1,-1,-1,-1,-1,-1,-1,-1,-1,-1,-1,-1,-1,-1,-1,-1,-1,-1,-1,-1,-1,-1,-1,-1,-1,-1,-1,-1,-1,-1,-1,-1,-1,-1,-1,-1,-1,-1,-1,-1,-1,-1
2321,2632,2781,2476,2931,2779,2934,2479,2173,2173,2475,2785,2936,2473,2785,2170,2473,2784,2630,2167,2628,2628,2473,2631,2171,2321,2473,2629,2169,2781,2625,2473,2320,2781,2320,2170,2322,2323,2936,2479,2778,2778,2325,2170,2169,2321,2173,2479,2323,2475,2778,11884,12035,12187,12037,11884,12035,11882,12189,12188,12187,11882,11882,12034,11881,12036,12036,11884,12036,11881,11845,12152,12153,12154,12155,11846,11847,11848,11849,11850,12036,12190,12188,12035,12036,12035,12036,11881,12188,12034,11883,11884,11883,12036,11883,11883,12034,12189,12036,11883,2632,-1,-1,-1,-1,-1,-1,-1,-1,-1,-1,-1,-1,-1,-1,-1,-1,-1,-1,-1,-1,-1,-1,-1,-1,-1,-1,-1,-1,-1,-1,-1,-1,-1,-1,-1,-1,-1,-1,-1,-1,-1,-1,-1,-1,-1,-1,-1,-1,-1
2167,2632,2172,2785,2170,2631,2477,2473,2933,2323,2779,2478,2171,2476,2779,2477,2938,2167,2630,2781,2631,2935,2935,2169,2625,2782,2476,2935,2325,2320,2778,2632,2632,2783,2479,2626,2937,2321,2782,2783,2934,2629,2782,2931,2171,2938,2778,2936,2627,2628,2479,11882,11884,12189,11882,12037,12190,12035,12035,12035,11884,12036,11881,11882,12188,11882,12189,11882,12035,12190,11998,12305,12306,12307,12308,11999,12000,12001,12002,12003,11884,11883,12187,12189,11884,12036,11881,11884,11883,12034,12035,12188,12036,12190,12036,12036,12037,12188,12037,11881,2936,-1,-1,-1,-1,-1,-1,-1,-1,-1,-1,-1,-1,-1,-1,-1,-1,-1,-1,-1,-1,-1,-1,-1,-1,-1,-1,-1,-1,-1,-1,-1,-1,-1,-1,-1,-1,-1,-1,-1,-1,-1,-1,-1,-1,-1,-1,-1,-1,-1
2323,2937,2631,2171,2325,2781,2479,2171,2472,2783,2785,2322,2936,2173,2168,2321,2932,2167,2778,2785,2630,2170,2782,2785,2320,2782,2931,2172,2628,2169,2171,2472,2934,2783,2474,2166,2326,2478,2170,2630,2324,2475,2168,2778,2171,2173,2323,2167,2476,2476,2931,11883,11884,11881,11883,11884,11884,11883,11883,12034,12188,12035,11882,12034,12187,12036,12037,11883,11882,11882,12151,12152,11846,11847,11848,11849,12153,12154,12155,12156,12188,12190,12036,11881,12037,12035,12189,11882,11882,12190,12034,12190,11881,12190,12035,12190,12036,12189,12189,11882,2479,-1,-1,-1,-1,-1,-1,-1,-1,-1,-1,-1,-1,-1,-1,-1,-1,-1,-1,-1,-1,-1,-1,-1,-1,-1,-1,-1,-1,-1,-1,-1,-1,-1,-1,-1,-1,-1,-1,-1,-1,-1,-1,-1,-1,-1,-1,-1,-1,-1
2167,2781,2173,2784,2631,2783,2473,2630,2326,2321,2171,2931,2321,2171,2631,2782,2632,2170,2478,2171,2475,2320,2477,2631,2780,2173,2166,2783,2780,2631,2479,2626,2785,2779,2323,2632,2778,2478,2936,2477,2935,2631,2937,2629,2320,2324,2475,2172,2171,2627,2173,12189,12187,12034,12037,12034,12036,12188,12187,12188,12190,12187,12188,11881,12190,12190,12188,12190,12035,11882,12304,12305,11999,12000,12001,12002,12306,12307,12308,12309,12189,11883,12189,11883,12187,11884,11881,12189,12187,12190,12187,12189,12036,11881,12034,12188,12037,11883,12189,12037,2778,-1,-1,-1,-1,-1,-1,-1,-1,-1,-1,-1,-1,-1,-1,-1,-1,-1,-1,-1,-1,-1,-1,-1,-1,-1,-1,-1,-1,-1,-1,-1,-1,-1,-1,-1,-1,-1,-1,-1,-1,-1,-1,-1,-1,-1,-1,-1,-1,-1
2472,2629,2171,2628,2320,2323,2785,2630,2324,2472,2326,2168,2779,2938,2478,2630,2170,2171,2630,2321,2323,2325,2631,2631,2172,2171,2631,2626,2932,2785,2938,2169,2937,2783,2937,2785,2625,2627,2479,2325,2474,2323,2324,2931,2475,2931,2321,2781,2934,2474,2627,11884,12034,11881,11884,12188,12188,12035,12190,12189,12190,12034,12037,11881,11884,12037,12034,11883,12189,12188,11845,11846,12152,12153,12154,12155,11847,11848,11849,11850,12190,12037,12188,12036,12190,12188,12188,11883,12037,12187,11883,12190,11884,12189,11883,12187,12189,12189,12189,12189,2629,-1,-1,-1,-1,-1,-1,-1,-1,-1,-1,-1,-1,-1,-1,-1,-1,-1,-1,-1,-1,-1,-1,-1,-1,-1,-1,-1,-1,-1,-1,-1,-1,-1,-1,-1,-1,-1,-1,-1,-1,-1,-1,-1,-1,-1,-1,-1,-1,-1
2478,2172,2479,2785,2474,2323,2779,2477,2935,2938,2479,2779,2931,2168,2320,2320,2784,2169,2166,2476,2169,2781,2783,2938,2473,2628,2931,2784,2473,2319,2933,2933,2779,2778,2784,2476,2169,2320,2629,2933,2628,2937,2628,2168,2474,2632,2630,2779,2166,2933,2782,11882,11883,12037,12190,11882,11884,12188,12035,12036,11882,12189,11881,12187,12189,11883,11881,11881,11882,12036,11998,11999,11846,11847,11848,11849,12000,12001,12002,12003,12188,12034,11883,11882,12036,12035,11883,11881,12034,12189,12190,12034,11882,11882,12036,12035,12187,12188,12189,11882,2319,-1,-1,-1,-1,-1,-1,-1,-1,-1,-1,-1,-1,-1,-1,-1,-1,-1,-1,-1,-1,-1,-1,-1,-1,-1,-1,-1,-1,-1,-1,-1,-1,-1,-1,-1,-1,-1,-1,-1,-1,-1,-1,-1,-1,-1,-1,-1,-1,-1
2626,2625,2782,2321,2473,2938,2932,2779,2325,2169,2781,2934,2473,2472,2628,2778,2472,2169,2168,2785,2320,2937,2932,2935,2169,2475,2629,2631,2167,2166,2782,2931,2171,2937,2472,2322,2628,2326,2779,2632,2935,2629,2477,2936,2322,2171,2167,2325,2325,2784,2168,12035,12190,12036,11881,12035,11884,11882,12034,11881,12189,11881,11882,11883,12034,12187,11883,12188,12190,12034,12151,12152,11999,12000,12001,12002,12153,12154,12155,12156,11884,12187,12037,12187,11881,12035,11881,12034,12189,12188,12036,12036,12190,11881,12034,12036,12035,12035,12190,12190,2936,-1,-1,-1,-1,-1,-1,-1,-1,-1,-1,-1,-1,-1,-1,-1,-1,-1,-1,-1,-1,-1,-1,-1,-1,-1,-1,-1,-1,-1,-1,-1,-1,-1,-1,-1,-1,-1,-1,-1,-1,-1,-1,-1,-1,-1,-1,-1,-1,-1
2171,2931,2938,2629,2168,2473,2780,2326,2167,2937,2937,2324,2780,2933,2782,2479,2474,2779,2477,2938,2172,2168,2934,2322,2782,2938,2630,2476,2935,2625,2632,2628,2938,2937,2324,2168,2169,2473,2475,2936,2933,2625,2782,2476,2173,2472,2324,2169,2325,2168,2931,11883,12036,12189,12188,12190,12190,11881,11881,11881,12190,12189,12037,11884,11884,11881,11884,12189,12187,11883,12304,12305,12152,12153,12154,12155,12306,12307,12308,12309,11882,12189,12189,11883,12189,12037,12189,11884,12036,12187,12187,11884,11882,12187,11884,11884,11884,11882,11883,12034,2171,-1,-1,-1,-1,-1,-1,-1,-1,-1,-1,-1,-1,-1,-1,-1,-1,-1,-1,-1,-1,-1,-1,-1,-1,-1,-1,-1,-1,-1,-1,-1,-1,-1,-1,-1,-1,-1,-1,-1,-1,-1,-1,-1,-1,-1,-1,-1,-1,-1
2323,2168,2784,2475,2779,2319,2626,2936,2778,2931,2474,2478,2784,2475,2171,2171,2934,2169,2781,2171,2931,2632,2170,2632,2477,2474,2475,2168,2476,2166,2172,2782,2780,2781,2627,2933,2632,2630,2479,2479,2785,2932,2932,2477,2628,2173,2172,2319,2166,2170,2319,11846,11847,11848,11849,11846,11847,11848,11849,11846,11847,11848,11849,11846,11847,11848,11849,11846,11847,11848,11849,11846,11846,11847,11848,11849,11847,11848,11849,11846,11847,11848,11849,11846,11847,11846,11847,11848,11849,11847,11848,11849,11846,11847,11848,11849,11846,11847,11848,11849,2166,-1,-1,-1,-1,-1,-1,-1,-1,-1,-1,-1,-1,-1,-1,-1,-1,-1,-1,-1,-1,-1,-1,-1,-1,-1,-1,-1,-1,-1,-1,-1,-1,-1,-1,-1,-1,-1,-1,-1,-1,-1,-1,-1,-1,-1,-1,-1,-1,-1
2627,2783,2325,2322,2937,2478,2323,2168,2936,2781,2932,2326,2935,2934,2626,2167,2626,2631,2936,2168,2169,2474,2321,2780,2626,2166,2472,2323,2780,2476,2476,2935,2934,2627,2167,2474,2326,2474,2932,2319,2785,2326,2933,2778,2936,2632,2478,2476,2322,2166,2781,11999,12000,12001,12002,11999,12000,12001,12002,11999,12000,12001,12002,11999,12000,12001,12002,11999,12000,12001,12002,11999,11999,12000,12001,12002,12000,12001,12002,11999,12000,12001,12002,11999,12000,11999,12000,12001,12002,12000,12001,12002,11999,12000,12001,12002,11999,12000,12001,12002,2630,-1,-1,-1,-1,-1,-1,-1,-1,-1,-1,-1,-1,-1,-1,-1,-1,-1,-1,-1,-1,-1,-1,-1,-1,-1,-1,-1,-1,-1,-1,-1,-1,-1,-1,-1,-1,-1,-1,-1,-1,-1,-1,-1,-1,-1,-1,-1,-1,-1
2474,2627,2782,2472,2168,2167,2166,2474,2168,2931,2625,2322,2785,2937,2931,2935,2169,2320,2169,2937,2781,2936,2935,2937,2325,2168,2933,2172,2169,2477,2319,2936,2479,2475,2933,2630,2170,2631,2632,2172,2168,2629,2476,2783,2779,2477,2326,2479,2322,2320,2936,12152,12153,12154,12155,12152,12153,12154,12155,12152,12153,12154,12155,12152,12153,12154,12155,12152,12153,12154,12155,12152,12152,12153,12154,12155,12153,12154,12155,12152,12153,12154,12155,12152,12153,12152,12153,12154,12155,12153,12154,12155,12152,12153,12154,12155,12152,12153,12154,12155,2628,-1,-1,-1,-1,-1,-1,-1,-1,-1,-1,-1,-1,-1,-1,-1,-1,-1,-1,-1,-1,-1,-1,-1,-1,-1,-1,-1,-1,-1,-1,-1,-1,-1,-1,-1,-1,-1,-1,-1,-1,-1,-1,-1,-1,-1,-1,-1,-1,-1
2933,2631,2931,2321,2628,2167,2784,2322,2168,2170,2935,2473,2630,2627,2473,2632,2166,2780,2931,2932,2167,2782,2324,2475,2166,2779,2782,2323,2172,2172,2933,2171,2473,2632,2319,2938,2479,2168,2472,2319,2625,2167,2321,2479,2319,2781,2476,2169,2931,2625,2631,12305,12306,12307,12308,12305,12306,12307,12308,12305,12306,12307,12308,12305,12306,12307,12308,12305,12306,12307,12308,12305,12305,12306,12307,12308,12306,12307,12308,12305,12306,12307,12308,12305,12306,12305,12306,12307,12308,12306,12307,12308,12305,12306,12307,12308,12305,12306,12307,12308,2937,-1,-1,-1,-1,-1,-1,-1,-1,-1,-1,-1,-1,-1,-1,-1,-1,-1,-1,-1,-1,-1,-1,-1,-1,-1,-1,-1,-1,-1,-1,-1,-1,-1,-1,-1,-1,-1,-1,-1,-1,-1,-1,-1,-1,-1,-1,-1,-1,-1
2321,2169,2325,2171,2626,2932,2324,2632,2321,2321,2476,2322,2166,2628,2783,2321,2779,2324,2936,2783,2168,2932,2322,2631,2937,2630,2168,2630,2476,2473,2476,2784,2936,2783,2170,2778,2476,2478,2632,2323,2172,2170,2631,2322,2780,2784,2479,2323,2626,2627,2323,2934,2937,2630,2630,2935,2938,2169,2173,2320,2474,2781,2168,2326,2632,2167,2169,2479,2168,2322,2938,2627,2479,3690,3998,2320,2630,3996,3996,2323,2171,2938,2626,2169,2627,2631,2324,2933,2779,2781,2783,2326,2626,2326,2784,2632,2479,2169,2325,2326,2936,2937,2631,2780,2168,2474,2785,2784,2324,2325,2938,2931,2166,2780,2629,2937,2320,2781,2931,2934,2626,2320,2780,2629,2628,2169,2781,2628,2319,2780,2628,2783,2319,2778,2170,2167,2476,2477,2167,2474,2475,2626,2783,2323,2478,2326,2626,2630,2935,2324
2171,2323,2166,2627,2782,2934,2785,2935,2932,2782,2479,2473,2326,2321,2171,2631,2785,2325,2631,2934,2172,2320,2784,2785,2173,2781,2626,2779,2473,2473,2479,2934,2631,2781,2326,2627,2779,2168,2476,2785,2168,2785,2172,2784,2625,2627,2626,2937,2938,2324,2778,4147,3686,3687,3993,3688,3992,3994,3992,3992,3841,3840,3688,4144,4146,4144,3838,3687,4145,3686,3838,3844,3694,3685,3841,3845,3690,3383,3694,4145,4144,3687,4145,4145,3991,3994,3838,3688,3685,3992,3992,3685,3839,3841,3686,4144,3685,4147,3992,4146,2322,-1,-1,-1,-1,-1,-1,-1,-1,-1,-1,-1,-1,-1,-1,-1,-1,-1,-1,-1,-1,-1,-1,-1,-1,-1,-1,-1,-1,-1,-1,-1,-1,-1,-1,-1,-1,-1,-1,-1,-1,-1,-1,-1,-1,-1,-1,-1,-1,-1
2476,2938,2785,2319,2778,2937,2320,2323,2938,2778,2473,2476,2320,2324,2322,2472,2478,2321,2629,2625,2626,2324,2476,2933,2477,2931,2934,2323,2321,2632,2935,2169,2172,2324,2784,2938,2931,2785,2778,2782,2171,2479,2474,2631,2937,2321,2781,2932,2170,2936,2933,3838,3839,3686,4145,3839,4146,3992,3687,3685,4145,3841,3687,3688,3992,4146,3841,3841,3686,3838,3538,3838,3687,3385,3845,3691,3999,3384,3385,3993,3838,3839,3685,4146,3994,3686,3688,3839,3840,3838,3992,3993,3686,3839,4147,4147,3994,3688,4144,3993,2173,-1,-1,-1,-1,-1,-1,-1,-1,-1,-1,-1,-1,-1,-1,-1,-1,-1,-1,-1,-1,-1,-1,-1,-1,-1,-1,-1,-1,-1,-1,-1,-1,-1,-1,-1,-1,-1,-1,-1,-1,-1,-1,-1,-1,-1,-1,-1,-1,-1
2325,2166,2936,2779,2625,2780,2477,2475,2780,2934,2778,2629,2936,2630,2785,2472,2171,2935,2326,2475,2631,2472,2477,2324,2169,2783,2784,2937,2169,2173,2931,2173,2168,2166,2782,2322,2625,2323,2781,2479,2783,2782,2323,2629,2778,2627,2785,2778,2779,2781,2932,3840,3688,3686,3991,3841,3838,3991,3839,4144,3838,3991,3688,3841,3838,4147,3838,3991,3841,3840,3693,3847,3846,3386,4000,3541,3847,3845,3387,3994,3993,3685,4147,3839,3993,4145,4146,3688,3688,3685,3992,4145,3686,4146,4146,3686,3685,3992,4146,3838,2625,-1,-1,-1,-1,-1,-1,-1,-1,-1,-1,-1,-1,-1,-1,-1,-1,-1,-1,-1,-1,-1,-1,-1,-1,-1,-1,-1,-1,-1,-1,-1,-1,-1,-1,-1,-1,-1,-1,-1,-1,-1,-1,-1,-1,-1,-1,-1,-1,-1
2321,2778,2628,2472,2170,2933,2478,2323,2632,2476,2932,2324,2172,2631,2473,2628,2628,2169,2934,2783,2478,3426,10206,10207,10208,10209,10206,10207,10208,10209,3422,2319,2477,2172,2932,2936,2479,2322,2320,2937,2785,2325,2935,2631,2325,2326,2938,2321,2932,2783,2322,3994,3993,3993,4147,3992,3994,3839,4144,4147,3994,3839,4145,3991,3840,3993,3840,3838,3992,3841,3841,3538,3843,3387,3844,3844,4006,3690,3230,4146,3994,4145,3839,4147,3992,3839,3841,4146,4146,3991,4144,3687,3994,3688,3840,4147,3840,3686,3994,3840,2938,-1,-1,-1,-1,-1,-1,-1,-1,-1,-1,-1,-1,-1,-1,-1,-1,-1,-1,-1,-1,-1,-1,-1,-1,-1,-1,-1,-1,-1,-1,-1,-1,-1,-1,-1,-1,-1,-1,-1,-1,-1,-1,-1,-1,-1,-1,-1,-1,-1
2477,2476,2934,2931,2778,2166,2629,2479,2474,2326,2936,2476,2167,2784,2173,2325,2630,2472,2936,2632,2170,3579,10359,10360,10361,10362,10359,10360,10361,10362,3575,2325,2626,2938,2173,2476,2938,2168,2931,2937,2169,2779,2631,2320,2627,2934,2782,2325,2475,2472,2168,3686,3992,3687,3841,3839,3992,3992,3838,3841,4147,3991,4144,3838,4144,3838,3839,3991,3841,4145,4001,3539,3845,3999,3844,3846,3999,3541,3992,3688,3840,3686,3840,3686,4145,3840,4147,4144,3841,3992,3991,3841,4147,3688,3993,3839,3685,3994,3841,3840,2475,-1,-1,-1,-1,-1,-1,-1,-1,-1,-1,-1,-1,-1,-1,-1,-1,-1,-1,-1,-1,-1,-1,-1,-1,-1,-1,-1,-1,-1,-1,-1,-1,-1,-1,-1,-1,-1,-1,-1,-1,-1,-1,-1,-1,-1,-1,-1,-1,-1
2320,2626,2781,2479,2172,2779,2937,2473,2936,2935,2322,2172,2473,2783,2780,2631,2474,2781,2938,2631,2168,3732,9900,9901,9902,9903,9900,9901,9902,9903,3728,2479,2167,2169,2472,2628,2473,2169,2325,2166,2168,2937,2474,2627,2167,2169,2324,2169,2784,2931,2324,4146,4145,3686,3686,3840,3994,3685,3992,3838,3993,3993,4144,3991,3839,3841,3838,4145,3688,3839,3689,3998,3386,3691,3693,3387,3996,3386,3386,4146,4145,4145,3688,3841,3991,3991,3994,3841,3686,4147,4146,3685,3994,3841,3839,4146,3991,3994,3994,3992,2322,-1,-1,-1,-1,-1,-1,-1,-1,-1,-1,-1,-1,-1,-1,-1,-1,-1,-1,-1,-1,-1,-1,-1,-1,-1,-1,-1,-1,-1,-1,-1,-1,-1,-1,-1,-1,-1,-1,-1,-1,-1,-1,-1,-1,-1,-1,-1,-1,-1
2779,2937,2171,2629,2785,2629,2325,2168,2324,2631,2936,2171,2626,2472,2170,2785,2627,3269,3882,3883,3884,3884,10053,10054,10055,10056,10053,10054,10055,10056,3882,3882,3883,3884,3273,2478,2475,2322,2935,2931,2166,2784,2326,2783,2170,2474,2628,2476,2938,2472,2937,3693,3693,3693,3693,3693,3693,3693,3693,3693,3994,3686,3993,3994,3686,3688,3686,3992,3839,3996,3839,3384,3853,3997,3537,3996,3998,3540,3997,3384,3692,3991,3686,3991,3839,3688,3992,3991,3839,3686,4146,4147,3991,4145,4146,3839,3991,3686,3993,3991,2167,-1,-1,-1,-1,-1,-1,-1,-1,-1,-1,-1,-1,-1,-1,-1,-1,-1,-1,-1,-1,-1,-1,-1,-1,-1,-1,-1,-1,-1,-1,-1,-1,-1,-1,-1,-1,-1,-1,-1,-1,-1,-1,-1,-1,-1,-1,-1,-1,-1
2475,2784,2780,2783,2630,2626,2325,2166,2782,2938,2936,2630,2779,2631,2632,2778,2931,3579,10206,10207,10208,10209,10206,10207,10208,10209,10206,10207,10208,10209,10206,10207,10208,10209,3575,2167,2781,2473,2325,2475,2167,2319,2325,2628,2326,2630,2784,2627,2319,2931,2326,3687,4145,3687,3688,3838,3992,4144,3840,4145,3839,3992,3991,3686,3994,3686,3686,3993,3991,3843,3387,3693,3999,3538,3538,3387,3538,3386,3997,3997,3386,3386,3839,3688,3838,4145,4145,3991,4145,4146,3839,4146,3688,3685,3687,3841,3993,3841,3993,4144,2626,-1,-1,-1,-1,-1,-1,-1,-1,-1,-1,-1,-1,-1,-1,-1,-1,-1,-1,-1,-1,-1,-1,-1,-1,-1,-1,-1,-1,-1,-1,-1,-1,-1,-1,-1,-1,-1,-1,-1,-1,-1,-1,-1,-1,-1,-1,-1,-1,-1
2778,2933,2780,2933,2168,2785,2781,2934,2171,2479,2632,2169,2324,2938,2934,2173,2172,3732,10359,10360,10361,10362,10359,10360,10361,10362,10359,10360,10361,10362,10359,10360,10361,10362,3728,2625,2780,2631,2937,2625,2783,2170,2626,2935,2935,2780,2938,2322,2783,2631,2932,3840,3841,4144,3838,3685,3838,3685,3991,3688,3686,4144,3991,4145,3688,3994,3687,3994,3386,4001,3233,3690,3693,3847,3385,3846,3843,3537,3384,4161,3847,3537,3686,3992,3994,3685,3841,3991,3838,3994,4146,3688,3688,4145,3992,3991,3841,3992,4147,4146,2932,-1,-1,-1,-1,-1,-1,-1,-1,-1,-1,-1,-1,-1,-1,-1,-1,-1,-1,-1,-1,-1,-1,-1,-1,-1,-1,-1,-1,-1,-1,-1,-1,-1,-1,-1,-1,-1,-1,-1,-1,-1,-1,-1,-1,-1,-1,-1,-1,-1
2475,2169,2931,2938,2932,2473,2323,2631,2172,2321,2173,2936,2626,2626,2478,2779,2472,3426,9900,9901,9902,9903,9900,9901,9902,9903,9900,9901,9902,9903,9900,9901,9902,9903,3422,2783,2785,2320,2473,2167,2321,2935,2168,2167,2171,2474,2475,2626,2173,2325,2323,3687,2324,3686,4146,3838,4145,3992,3688,3992,3992,3993,3839,3992,4146,4145,3991,3999,3540,3840,3997,3385,3385,3540,3844,3996,3388,3538,3388,3844,3690,3386,4000,3690,3839,3839,3685,3686,3841,3686,4146,3838,4145,3686,3688,3991,3685,3992,4145,3688,2167,-1,-1,-1,-1,-1,-1,-1,-1,-1,-1,-1,-1,-1,-1,-1,-1,-1,-1,-1,-1,-1,-1,-1,-1,-1,-1,-1,-1,-1,-1,-1,-1,-1,-1,-1,-1,-1,-1,-1,-1,-1,-1,-1,-1,-1,-1,-1,-1,-1
2627,2322,2320,2781,2782,2472,2475,2169,2938,2166,2321,2166,2931,2938,2322,2931,2931,3579,10053,10054,10055,10056,10053,10054,10055,10056,10053,10054,10055,10056,10053,10054,10055,10056,3575,2626,2628,2630,2478,2782,2938,2476,2168,2931,2938,2933,2626,2166,2166,2170,2324,2322,2172,3688,3839,3992,4146,3685,4146,4146,4145,3994,3686,3993,3991,4144,4147,3537,3234,4144,3387,3385,3855,3846,3541,3692,3541,3846,3853,3386,3694,3997,3999,3692,3996,4000,3993,3993,3841,3841,3685,3992,3992,3841,4147,3838,3838,4145,3994,3839,2625,-1,-1,-1,-1,-1,-1,-1,-1,-1,-1,-1,-1,-1,-1,-1,-1,-1,-1,-1,-1,-1,-1,-1,-1,-1,-1,-1,-1,-1,-1,-1,-1,-1,-1,-1,-1,-1,-1,-1,-1,-1,-1,-1,-1,-1,-1,-1,-1,-1
2628,2322,2170,2780,2475,2322,2631,2933,2934,2170,2472,2785,2320,2166,2477,2167,2479,3732,10206,10207,10208,10209,3269,3883,3884,3882,3883,3882,3883,3273,10206,10207,10208,10209,3728,2931,2778,2932,2479,2784,2627,2937,2936,2168,2780,2625,2171,2172,2479,2784,2473,2936,2784,2323,4146,3838,3686,3688,3840,3841,3687,3687,3992,4144,3994,3992,4144,3844,4144,3384,3692,3690,3999,3998,3388,3999,3538,3694,3386,3537,3693,3386,3999,3385,3539,3690,3384,3993,3838,4144,3688,4147,3686,3840,3840,3994,4145,3839,4146,3991,2935,-1,-1,-1,-1,-1,-1,-1,-1,-1,-1,-1,-1,-1,-1,-1,-1,-1,-1,-1,-1,-1,-1,-1,-1,-1,-1,-1,-1,-1,-1,-1,-1,-1,-1,-1,-1,-1,-1,-1,-1,-1,-1,-1,-1,-1,-1,-1,-1,-1
2322,2934,3882,3883,3884,3884,3882,3883,3884,3882,3883,3884,3882,3883,3884,3882,3883,3884,10359,10360,10361,10362,3422,2625,2631,2479,2326,2629,2319,3426,10359,10360,10361,10362,3882,3883,3882,3883,3884,3883,3884,3882,3883,3884,3882,3883,3884,3882,3883,3884,2780,2628,2924,3686,4146,3992,3687,3993,3546,3688,4146,3840,3994,3239,3688,3991,3687,3691,4147,3847,3846,3388,3845,3384,3694,3847,3537,3999,3692,3692,3685,3997,3847,3692,3847,3541,3541,3386,3388,4145,3838,3994,3687,3686,3686,4146,4147,3688,3991,4144,2629,-1,-1,-1,-1,-1,-1,-1,-1,-1,-1,-1,-1,-1,-1,-1,-1,-1,-1,-1,-1,-1,-1,-1,-1,-1,-1,-1,-1,-1,-1,-1,-1,-1,-1,-1,-1,-1,-1,-1,-1,-1,-1,-1,-1,-1,-1,-1,-1,-1
2626,2477,10206,10207,10208,10209,10206,10207,10208,10209,10206,10207,10208,10209,10206,10207,10208,10209,9900,9901,9902,9903,3575,2476,2171,2932,2625,2628,2319,3579,9900,9901,9902,9903,10206,10207,10208,10209,10206,10207,10208,10209,10206,10207,10208,10209,10206,10207,10208,10209,2625,2625,2631,3997,2925,3687,4145,3687,3838,4147,3841,4146,3991,4145,3687,3839,3993,4153,3539,3540,4149,3997,3539,3692,3692,3385,3384,3996,3996,3993,3839,3839,4145,3388,3537,3998,3694,3845,3691,3843,3992,3841,3839,3687,3991,3993,3838,3991,4144,3991,2936,-1,-1,-1,-1,-1,-1,-1,-1,-1,-1,-1,-1,-1,-1,-1,-1,-1,-1,-1,-1,-1,-1,-1,-1,-1,-1,-1,-1,-1,-1,-1,-1,-1,-1,-1,-1,-1,-1,-1,-1,-1,-1,-1,-1,-1,-1,-1,-1,-1
2476,2782,10359,10360,10361,10362,10359,10360,10361,10362,10359,10360,10361,10362,10359,10360,10361,10362,10053,10054,10055,10056,3728,2779,2171,2627,2938,2324,2632,3732,10053,10054,10055,10056,10359,10360,10361,10362,10359,10360,10361,10362,10359,10360,10361,10362,10359,10360,10361,10362,2630,2934,2167,3843,3693,3840,3994,3687,3840,3084,3840,3686,3993,4145,3686,4145,3999,4146,3690,3844,3690,3846,3691,3691,3997,4162,3388,3692,3384,4145,3992,3993,3686,3994,3693,3692,4000,4007,4000,3540,4000,3838,4147,4146,3838,3685,3840,3686,4144,3687,2628,-1,-1,-1,-1,-1,-1,-1,-1,-1,-1,-1,-1,-1,-1,-1,-1,-1,-1,-1,-1,-1,-1,-1,-1,-1,-1,-1,-1,-1,-1,-1,-1,-1,-1,-1,-1,-1,-1,-1,-1,-1,-1,-1,-1,-1,-1,-1,-1,-1
2932,2932,9900,9901,9902,9903,9900,9901,9902,9903,9900,9901,9902,9903,9900,9901,9902,9903,10206,10207,10208,10209,3422,2626,2780,2933,2171,2472,2931,3426,10206,10207,10208,10209,9900,9901,9902,9903,9900,9901,9902,9903,9900,9901,9902,9903,9900,9901,9902,9903,2632,2169,3839,4147,3994,3992,3840,3994,3838,3992,3687,3841,3841,3992,3545,3687,3995,3388,4151,4149,3386,3690,3538,4000,3538,3384,3386,3691,3844,3840,4145,3685,3840,3841,3685,3847,4000,3384,3999,3846,3693,3998,3685,3992,3993,3994,3994,3688,3840,4144,2626,-1,-1,-1,-1,-1,-1,-1,-1,-1,-1,-1,-1,-1,-1,-1,-1,-1,-1,-1,-1,-1,-1,-1,-1,-1,-1,-1,-1,-1,-1,-1,-1,-1,-1,-1,-1,-1,-1,-1,-1,-1,-1,-1,-1,-1,-1,-1,-1,-1
2166,2781,10053,10054,10055,10056,10053,10054,10055,10056,10053,10054,10055,10056,10053,10054,10055,10056,10359,10360,10361,10362,3575,2630,2934,2167,2632,2783,2476,3579,10359,10360,10361,10362,10053,10054,10055,10056,10053,10054,10055,10056,10053,10054,10055,10056,10053,10054,10055,10056,2779,3693,3991,3537,3991,3838,3686,3686,3992,3993,3087,4146,3685,3840,3993,3685,3991,4147,3389,3991,3538,3387,3847,3541,3540,3694,3384,3845,3692,3838,4145,3240,3686,3994,3686,3839,3541,3690,3997,3691,3844,3692,3996,3685,3992,4146,3840,3685,4145,3992,2782,-1,-1,-1,-1,-1,-1,-1,-1,-1,-1,-1,-1,-1,-1,-1,-1,-1,-1,-1,-1,-1,-1,-1,-1,-1,-1,-1,-1,-1,-1,-1,-1,-1,-1,-1,-1,-1,-1,-1,-1,-1,-1,-1,-1,-1,-1,-1,-1,-1
2169,2172,3882,3883,3884,3884,3882,3883,3884,3882,3883,3884,3882,3883,3884,3882,3883,3884,9900,9901,9902,9903,3728,2479,2479,2933,2477,2324,2167,3732,9900,9901,9902,9903,3269,3883,3884,3882,3883,3884,3882,3883,3884,3882,3883,3884,3882,3882,3883,3884,2629,3841,3687,3687,3994,3693,3691,3839,4144,4147,3086,3685,3992,4144,3685,3685,3687,3230,3840,3232,3843,3844,3537,3537,3388,3385,3538,3846,3844,3387,3840,4144,3838,3840,3992,3685,3994,3386,3996,3999,3846,3541,3537,3539,3993,3838,3991,3687,3686,3838,2631,-1,-1,-1,-1,-1,-1,-1,-1,-1,-1,-1,-1,-1,-1,-1,-1,-1,-1,-1,-1,-1,-1,-1,-1,-1,-1,-1,-1,-1,-1,-1,-1,-1,-1,-1,-1,-1,-1,-1,-1,-1,-1,-1,-1,-1,-1,-1,-1,-1
2172,2628,2935,2931,2477,2171,2320,2320,2779,2626,2473,2785,2478,2472,2478,2325,2479,3426,10053,10054,10055,10056,3881,3883,3884,3882,3883,3882,3883,3884,10053,10054,10055,10056,3422,2324,2934,2784,2326,2779,2783,2476,2782,2171,2323,2785,2326,2630,2779,2933,2476,3991,3384,3685,3838,3693,3847,4146,3994,4144,3839,3994,4144,3993,3994,4144,4145,3689,4145,3540,3386,3845,3693,3387,3691,3541,3846,3539,3386,3846,3688,3840,3687,4145,4144,3993,3687,4147,3384,3537,3845,3847,3844,3384,3838,3839,3992,3840,3991,3838,2781,-1,-1,-1,-1,-1,-1,-1,-1,-1,-1,-1,-1,-1,-1,-1,-1,-1,-1,-1,-1,-1,-1,-1,-1,-1,-1,-1,-1,-1,-1,-1,-1,-1,-1,-1,-1,-1,-1,-1,-1,-1,-1,-1,-1,-1,-1,-1,-1,-1
2628,2172,2625,2477,2322,2173,2629,2173,2626,2172,2326,2782,2627,2326,2935,2321,2479,3579,10206,10207,10208,10209,10206,10207,10208,10209,10206,10207,10208,10209,10206,10207,10208,10209,3575,2785,2172,2171,2169,2782,2478,2473,2779,2935,2933,2473,2171,2319,2172,2933,2625,3687,2933,3537,3847,3686,3690,3991,4147,3991,3992,3991,3685,4144,3994,4144,3387,4144,3233,3691,3693,3999,3999,4000,3694,3385,3387,3999,3541,3997,3686,4146,3687,4146,3992,3840,4146,4144,3537,3692,3846,3998,3540,3845,3686,3992,3685,3993,3687,3838,2934,-1,-1,-1,-1,-1,-1,-1,-1,-1,-1,-1,-1,-1,-1,-1,-1,-1,-1,-1,-1,-1,-1,-1,-1,-1,-1,-1,-1,-1,-1,-1,-1,-1,-1,-1,-1,-1,-1,-1,-1,-1,-1,-1,-1,-1,-1,-1,-1,-1
2321,2475,2323,2169,2472,2472,2932,2779,2934,2166,2781,2780,2781,2778,2321,2626,2167,3732,10359,10360,10361,10362,10359,10360,10361,10362,10359,10360,10361,10362,10359,10360,10361,10362,3728,2169,2629,2627,2934,2168,2319,2479,2169,2632,2472,2326,2630,2170,2325,2322,2173,3686,2627,3996,3687,3999,3997,3992,4146,3688,4147,3994,3687,3839,3991,3839,3690,4144,3695,3695,3385,3537,3541,3997,3998,3997,3540,3539,3385,3540,3685,3841,3992,3240,3839,3686,3686,4144,3843,3855,3998,3693,3690,3385,3537,4144,3840,3685,4147,3993,2173,-1,-1,-1,-1,-1,-1,-1,-1,-1,-1,-1,-1,-1,-1,-1,-1,-1,-1,-1,-1,-1,-1,-1,-1,-1,-1,-1,-1,-1,-1,-1,-1,-1,-1,-1,-1,-1,-1,-1,-1,-1,-1,-1,-1,-1,-1,-1,-1,-1
2324,2785,2326,2321,2475,2630,2781,2778,2934,2323,2934,2784,2319,2171,2173,2931,2472,3426,9900,9901,9902,9903,9900,9901,9902,9903,9900,9901,9902,9903,9900,9901,9902,9903,3422,2934,2937,2783,2319,2785,2166,2932,2474,2474,2476,2478,2626,2171,2166,2320,2166,2168,3844,3537,3843,3693,3538,3845,3838,3685,4146,3992,3687,3239,4147,3840,4000,3234,3847,3998,3694,3541,3539,3843,3539,3700,3384,3538,3846,3839,3840,3841,3838,3687,3686,3991,3992,3685,3538,3997,3537,3539,3996,3384,3843,3993,4147,3993,3993,3993,2319,-1,-1,-1,-1,-1,-1,-1,-1,-1,-1,-1,-1,-1,-1,-1,-1,-1,-1,-1,-1,-1,-1,-1,-1,-1,-1,-1,-1,-1,-1,-1,-1,-1,-1,-1,-1,-1,-1,-1,-1,-1,-1,-1,-1,-1,-1,-1,-1,-1
2321,2931,2167,2167,2323,2625,2171,2625,2477,2778,2166,2473,2167,2783,2783,2936,2325,3579,10053,10054,10055,10056,10053,10054,10055,10056,10053,10054,10055,10056,10053,10054,10055,10056,3575,2783,2478,2628,2631,2479,2326,2629,2319,2324,2935,2319,2473,2474,2167,2167,2326,2170,2325,3388,3838,3846,3991,3537,3993,3687,3992,3991,3839,4147,3991,3086,3993,3841,4147,3997,3843,3685,3998,3694,3843,3540,3539,3690,3691,4145,3688,3839,3687,4147,3687,3840,3840,3839,4146,3385,3537,3538,3847,3541,4006,3841,3687,3993,3839,3839,2778,-1,-1,-1,-1,-1,-1,-1,-1,-1,-1,-1,-1,-1,-1,-1,-1,-1,-1,-1,-1,-1,-1,-1,-1,-1,-1,-1,-1,-1,-1,-1,-1,-1,-1,-1,-1,-1,-1,-1,-1,-1,-1,-1,-1,-1,-1,-1,-1,-1
2626,2166,2326,2171,2780,2171,2625,2783,2476,2472,2321,2476,2630,2938,2625,2166,2778,3881,3882,3882,3883,3273,10206,10207,10208,10209,10206,10207,10208,10209,3269,3882,3883,3884,3885,2167,2475,2319,2171,2932,2625,2628,2319,2933,2784,2783,2474,2172,2172,2474,2626,2166,2631,3838,3997,4160,3385,3384,3844,4145,4147,3991,3838,3993,3839,3840,3992,3992,4147,3690,3692,3693,3539,3690,3538,3387,3692,3385,3691,3839,3687,3841,4144,3993,3688,3841,4144,3841,3838,3996,3690,3846,3537,3537,4000,3992,4146,3685,4145,3992,2321,-1,-1,-1,-1,-1,-1,-1,-1,-1,-1,-1,-1,-1,-1,-1,-1,-1,-1,-1,-1,-1,-1,-1,-1,-1,-1,-1,-1,-1,-1,-1,-1,-1,-1,-1,-1,-1,-1,-1,-1,-1,-1,-1,-1,-1,-1,-1,-1,-1
2167,2172,2171,2628,2169,2173,2934,2173,2170,2779,2173,2631,2785,2628,2324,2475,2931,2931,2166,2169,2628,3426,10359,10360,10361,10362,10359,10360,10361,10362,3422,2321,2937,2632,2167,2167,2933,2628,2171,2627,2938,2324,2632,2630,2933,2473,2472,2476,2479,2475,2167,2475,3688,4147,3690,3847,3996,3386,3538,4146,3686,4146,4144,3994,4146,3687,3688,3839,3687,3844,3997,3386,3847,3388,3384,3845,3845,3844,3694,4144,4147,3991,3686,3688,4146,3838,3839,3685,3838,3998,3538,3388,3694,3384,3540,3993,3838,4144,3685,3838,2781,-1,-1,-1,-1,-1,-1,-1,-1,-1,-1,-1,-1,-1,-1,-1,-1,-1,-1,-1,-1,-1,-1,-1,-1,-1,-1,-1,-1,-1,-1,-1,-1,-1,-1,-1,-1,-1,-1,-1,-1,-1,-1,-1,-1,-1,-1,-1,-1,-1
2931,2780,2167,2938,2936,2323,2166,2169,2627,2472,2326,2935,2628,2323,2785,2937,2938,2171,2474,2779,2323,3579,9900,9901,9902,9903,9900,9901,9902,9903,3575,2632,2473,2473,2785,2780,2326,2631,2780,2933,2171,2472,2931,2474,2477,2326,2321,2479,2938,2167,2167,2632,3685,3686,3384,3999,3847,3691,3537,4146,3993,3840,3840,4146,3545,4147,3993,4146,4146,3692,3847,3693,3693,3690,3847,3846,3844,3540,3385,3685,3994,3839,3993,3686,3840,3686,3838,4147,3686,3846,3537,3538,3540,3388,3839,3686,4146,3991,4144,3687,2782,-1,-1,-1,-1,-1,-1,-1,-1,-1,-1,-1,-1,-1,-1,-1,-1,-1,-1,-1,-1,-1,-1,-1,-1,-1,-1,-1,-1,-1,-1,-1,-1,-1,-1,-1,-1,-1,-1,-1,-1,-1,-1,-1,-1,-1,-1,-1,-1,-1
2936,2631,2933,2320,2322,2325,2783,2625,2630,2630,2781,2936,2319,2170,2781,2472,2478,2784,2937,2782,2322,3732,10053,10054,10055,10056,10053,10054,10055,10056,3728,2937,2173,2320,2631,2169,2325,2474,2932,2626,2325,2781,2472,2168,2322,2477,2325,2782,2171,2782,2778,2171,2474,3993,4144,3692,3998,3541,3692,3538,3994,3541,4001,4148,3690,3685,3994,3840,3994,4000,3844,4000,3538,3998,3844,3388,3540,3998,3997,3685,3993,3687,3686,4147,4144,3392,3687,3685,4144,3690,3992,3997,3999,3845,3538,3839,3688,3688,3687,3991,2935,-1,-1,-1,-1,-1,-1,-1,-1,-1,-1,-1,-1,-1,-1,-1,-1,-1,-1,-1,-1,-1,-1,-1,-1,-1,-1,-1,-1,-1,-1,-1,-1,-1,-1,-1,-1,-1,-1,-1,-1,-1,-1,-1,-1,-1,-1,-1,-1,-1
2475,2170,2169,2938,2475,2479,2938,2478,2473,2936,2779,2322,2629,2629,2936,2631,2479,2628,2168,2781,2473,2319,2321,2326,2782,2937,2937,2628,2473,2479,2936,2478,2937,2631,2472,2932,2472,2778,2476,2473,2780,2784,2934,2931,2782,2627,2170,2477,2169,2631,2320,4145,2632,4144,4147,3840,3386,3844,3856,4000,3539,3839,3542,3996,3995,3236,3688,3685,3844,3844,3693,3538,3691,3844,3690,3538,3539,3538,3847,3688,3838,3991,3838,3841,3841,3841,3841,4147,3992,3385,3385,3384,3846,3386,3540,3994,3688,4146,4144,4146,2628,-1,-1,-1,-1,-1,-1,-1,-1,-1,-1,-1,-1,-1,-1,-1,-1,-1,-1,-1,-1,-1,-1,-1,-1,-1,-1,-1,-1,-1,-1,-1,-1,-1,-1,-1,-1,-1,-1,-1,-1,-1,-1,-1,-1,-1,-1,-1,-1,-1
2782,2783,2936,2625,2477,2938,2172,2172,2171,2171,2781,2476,2932,2632,2473,2631,2167,2171,2938,2631,2319,2627,2627,2173,2322,2322,2475,2166,2171,2932,2931,2937,2627,2781,2778,2778,2936,2171,2936,2627,2785,2172,2938,2319,2778,2628,2627,2934,2319,2172,2325,2931,2472,2325,3992,3838,4000,3843,3386,3538,3386,3997,3537,3387,4001,3383,3687,3992,4000,3690,3846,3997,3996,3384,3843,4000,3999,3996,3998,4144,4146,3840,3991,3238,4144,3685,3839,3841,3992,3384,3386,3539,3843,3693,3693,3991,3838,3994,3687,3992,2473,-1,-1,-1,-1,-1,-1,-1,-1,-1,-1,-1,-1,-1,-1,-1,-1,-1,-1,-1,-1,-1,-1,-1,-1,-1,-1,-1,-1,-1,-1,-1,-1,-1,-1,-1,-1,-1,-1,-1,-1,-1,-1,-1,-1,-1,-1,-1,-1,-1
2171,2320,2477,2168,2932,2782,2474,2320,2472,2475,2477,2168,2779,2173,2323,2473,2626,2323,2173,2933,2938,2171,2320,2630,2630,2783,2169,2477,2627,2166,2325,2319,2479,2780,2938,2931,2780,2778,2785,2779,2631,2325,2932,2937,2627,2630,2631,2629,2169,2478,2171,2171,2778,2322,2476,3993,3685,3693,3388,3538,3692,3847,3692,4000,3232,3542,3994,3997,3541,3538,3384,3996,3539,3700,3387,3691,3844,3387,3996,3537,3838,4145,3838,3840,3686,3687,3686,4144,3843,3693,3693,3843,3541,4000,3845,3688,3992,3991,4146,4146,2628,-1,-1,-1,-1,-1,-1,-1,-1,-1,-1,-1,-1,-1,-1,-1,-1,-1,-1,-1,-1,-1,-1,-1,-1,-1,-1,-1,-1,-1,-1,-1,-1,-1,-1,-1,-1,-1,-1,-1,-1,-1,-1,-1,-1,-1,-1,-1,-1,-1
2323,2476,2781,2322,2319,2782,2938,2472,2477,2166,2325,2783,2472,2474,2782,2627,2476,2478,2472,2475,2779,2627,2474,2938,2167,2931,2173,2625,2937,2320,2785,2474,2475,2475,2169,2626,2627,2931,2932,2625,2629,2628,2322,2479,2319,2320,2785,2326,2326,2323,2326,2631,2933,2936,2935,3688,3838,3541,3845,3846,3694,3540,3384,3692,3693,3847,3537,3846,3386,3385,3997,3844,3999,3388,3846,3845,3694,4000,3538,3387,3998,3539,3694,3994,3839,3994,3999,3843,3999,3998,3387,3691,3387,3538,3690,3991,3994,3685,3993,3993,2169,-1,-1,-1,-1,-1,-1,-1,-1,-1,-1,-1,-1,-1,-1,-1,-1,-1,-1,-1,-1,-1,-1,-1,-1,-1,-1,-1,-1,-1,-1,-1,-1,-1,-1,-1,-1,-1,-1,-1,-1,-1,-1,-1,-1,-1,-1,-1,-1,-1
2779,2325,2173,2476,2783,2933,2630,2172,2632,2478,2320,2935,2628,2625,2173,2629,2626,2931,2630,2477,2173,2325,2472,2478,2779,2473,2937,2323,2934,2628,2325,2479,2474,2933,2935,2477,2627,2627,2935,2171,2936,2475,2932,2783,2172,2934,2477,2629,2321,2475,2625,2782,2935,2626,2632,3686,3841,3839,3384,3693,4000,3844,3538,3541,3845,4000,3997,3537,3843,3998,3388,3693,4009,4000,3388,3387,3539,3693,3845,3843,3384,3540,3996,3541,3997,3541,3694,3387,3386,3540,3384,3845,3384,3999,3688,3994,4145,4144,3687,3685,2173,-1,-1,-1,-1,-1,-1,-1,-1,-1,-1,-1,-1,-1,-1,-1,-1,-1,-1,-1,-1,-1,-1,-1,-1,-1,-1,-1,-1,-1,-1,-1,-1,-1,-1,-1,-1,-1,-1,-1,-1,-1,-1,-1,-1,-1,-1,-1,-1,-1
2779,2783,2938,2935,2936,2479,2168,2320,2632,2778,2479,2935,2782,2630,2628,2472,2936,2168,2472,2631,2473,2933,2784,2628,2168,2171,2325,2630,2472,2931,2932,2785,2319,2937,2320,2477,2937,2474,2169,2630,2785,2779,2778,2479,2166,2166,2934,2322,2781,2320,2169,2632,2171,2474,2627,3687,3690,3539,3845,3847,3540,3845,3693,3845,4159,4000,3386,3691,3690,4000,3384,3999,3541,3388,3846,3540,3691,3537,3539,3384,3537,3847,3691,3538,3539,3540,3691,3844,4009,3996,3846,3844,3997,3687,4144,4145,3688,3685,3841,3992,2475,-1,-1,-1,-1,-1,-1,-1,-1,-1,-1,-1,-1,-1,-1,-1,-1,-1,-1,-1,-1,-1,-1,-1,-1,-1,-1,-1,-1,-1,-1,-1,-1,-1,-1,-1,-1,-1,-1,-1,-1,-1,-1,-1,-1,-1,-1,-1,-1,-1
2937,2783,2323,2474,2322,2782,2625,2319,2166,2935,2784,2783,2932,2631,2933,2783,2171,2632,2782,2783,2173,2937,2630,2479,2170,2319,2934,2167,2780,2325,2932,2172,2936,2626,2936,2783,2324,2936,2325,2625,2937,2933,2631,2632,2167,2472,2785,2323,2168,2169,2326,2626,2319,2172,2323,2778,3994,3387,3538,3694,3690,3845,3538,3997,3844,3541,3997,3843,3540,3694,3388,3998,4000,3999,3997,3385,3845,3386,3996,3388,3385,4007,3387,3844,3997,3388,3388,3385,3386,3387,3844,3691,3999,4144,3841,3841,3841,4144,3994,3840,2319,-1,-1,-1,-1,-1,-1,-1,-1,-1,-1,-1,-1,-1,-1,-1,-1,-1,-1,-1,-1,-1,-1,-1,-1,-1,-1,-1,-1,-1,-1,-1,-1,-1,-1,-1,-1,-1,-1,-1,-1,-1,-1,-1,-1,-1,-1,-1,-1,-1
2937,2783,2628,2933,2936,2632,2935,2931,2936,2934,2631,2785,2627,2937,2472,2170,2478,2938,2625,2172,2778,2625,2632,2479,2935,2167,2782,2780,2932,2326,2931,2937,2167,2321,2781,2479,2319,2166,2785,2173,2167,2325,2782,2323,2781,2784,2473,2473,2628,2166,2323,2779,2169,2472,2172,3686,4146,3991,3847,3843,3541,3690,3846,3691,3996,3538,3690,3691,3386,4000,3998,3844,3847,3845,3845,3846,3843,3843,3845,3998,4000,3541,4000,3540,3387,3694,3541,3690,3996,3847,3690,3387,4144,3991,3991,3991,3686,3838,3993,3688,2473,-1,-1,-1,-1,-1,-1,-1,-1,-1,-1,-1,-1,-1,-1,-1,-1,-1,-1,-1,-1,-1,-1,-1,-1,-1,-1,-1,-1,-1,-1,-1,-1,-1,-1,-1,-1,-1,-1,-1,-1,-1,-1,-1,-1,-1,-1,-1,-1,-1
2166,2323,2781,2473,2472,2167,2782,2319,2325,2783,2479,2625,2625,2935,2167,2476,2319,2479,2934,2322,2326,2477,2625,2784,2784,2631,2322,2320,2630,2632,2325,2326,2627,2474,2475,2474,2778,2324,2934,2474,2324,2931,2782,2166,2782,2170,2319,2931,2477,2783,2324,2473,2626,2321,4145,3991,3839,3686,3384,3693,3996,3693,3997,3692,3386,3845,3538,3386,3388,3844,3539,3847,3387,3693,3844,3840,3540,3386,2325,7938,7937,7937,7937,8091,7938,8091,8090,7937,7937,8091,8091,7937,2782,2627,8091,8091,7937,2937,3993,3839,2477,-1,-1,-1,-1,-1,-1,-1,-1,-1,-1,-1,-1,-1,-1,-1,-1,-1,-1,-1,-1,-1,-1,-1,-1,-1,-1,-1,-1,-1,-1,-1,-1,-1,-1,-1,-1,-1,-1,-1,-1,-1,-1,-1,-1,-1,-1,-1,-1,-1
2319,2168,2170,2629,2626,2937,2938,2936,2627,2321,2632,2629,2478,2938,2780,2783,2326,2476,2323,2321,2626,2933,2779,2784,2931,2936,2479,2319,2937,2474,2168,2475,2326,2629,2627,2782,2322,2779,2625,2321,2172,2166,2625,2167,2168,2169,2629,2475,2168,2473,2938,2783,2627,2472,2322,4146,4146,4144,3386,3838,3685,3386,3685,3997,3386,3385,3693,3385,3843,3384,3692,3539,3998,3844,3999,3992,4147,3686,2630,2932,2320,8090,8090,8090,7937,8091,7938,8090,7937,8091,8091,7938,8090,7938,7938,7937,7937,8090,3993,3994,2169,-1,-1,-1,-1,-1,-1,-1,-1,-1,-1,-1,-1,-1,-1,-1,-1,-1,-1,-1,-1,-1,-1,-1,-1,-1,-1,-1,-1,-1,-1,-1,-1,-1,-1,-1,-1,-1,-1,-1,-1,-1,-1,-1,-1,-1,-1,-1,-1,-1
2325,2626,2172,2321,2477,2473,2319,2320,2167,2170,2936,2782,2324,2477,2782,2171,2934,2626,2473,2626,2630,2785,2321,2628,2322,2935,2326,2474,2478,2476,2326,2172,2324,2321,2173,2937,2780,2323,2325,2167,2781,2781,2784,2321,2932,2474,2321,2479,2626,2478,2321,2475,2325,2631,2934,2322,4146,3838,4146,3993,3993,3845,3843,4000,4147,3385,3694,3537,3995,3845,3694,3996,3537,3991,3838,3538,3998,3386,2326,2626,2935,2933,8090,7938,7937,7938,8090,7938,8091,8091,7937,8091,8091,8091,7937,8090,7937,7938,3839,3685,2935,-1,-1,-1,-1,-1,-1,-1,-1,-1,-1,-1,-1,-1,-1,-1,-1,-1,-1,-1,-1,-1,-1,-1,-1,-1,-1,-1,-1,-1,-1,-1,-1,-1,-1,-1,-1,-1,-1,-1,-1,-1,-1,-1,-1,-1,-1,-1,-1,-1
2169,2781,2166,2322,2785,2933,2322,2321,2937,2780,2170,2626,2476,2625,2473,2475,2631,2171,2784,2782,2319,2937,2933,2934,2626,2320,2324,2473,2632,2169,2934,2778,2626,2172,2783,2322,2935,2172,2321,2473,2325,2932,2626,2785,2625,2631,2474,2477,2779,2472,2627,2627,2630,2473,2935,2473,3841,4147,3686,3685,3839,3838,3993,3993,3687,3687,3993,3994,3998,3695,3685,3994,4144,4145,3685,4147,3994,3694,2935,2474,2632,2325,2778,2320,2932,2931,2321,2932,2780,2323,2626,2785,2938,2785,2629,2324,2325,2938,3839,3687,2173,-1,-1,-1,-1,-1,-1,-1,-1,-1,-1,-1,-1,-1,-1,-1,-1,-1,-1,-1,-1,-1,-1,-1,-1,-1,-1,-1,-1,-1,-1,-1,-1,-1,-1,-1,-1,-1,-1,-1,-1,-1,-1,-1,-1,-1,-1,-1,-1,-1
2324,2473,2934,2168,2779,2172,2780,2934,2475,2626,2631,2322,2630,2473,2326,2936,2172,2780,2325,2931,2783,2934,2170,2475,2322,2936,2783,2322,2630,2936,2320,2625,2169,2474,2632,2785,2324,2783,2320,2320,2629,2169,2629,2632,2931,2171,2933,2168,2166,2783,2479,2932,2631,3992,3685,3993,3993,3994,3839,3686,3838,3839,3991,4147,4145,4145,4145,3994,4147,4147,3685,3991,3841,3688,3685,3686,3841,3840,3687,3685,3841,4146,3992,4144,3991,3993,3688,3686,4147,3993,3685,4145,4144,4147,4146,3686,3993,4147,3688,3839,2631,-1,-1,-1,-1,-1,-1,-1,-1,-1,-1,-1,-1,-1,-1,-1,-1,-1,-1,-1,-1,-1,-1,-1,-1,-1,-1,-1,-1,-1,-1,-1,-1,-1,-1,-1,-1,-1,-1,-1,-1,-1,-1,-1,-1,-1,-1,-1,-1,-1
2938,2477,2473,2167,2625,2934,2933,2778,2630,2168,2779,2171,2785,2321,2323,2326,2166,2632,2322,2326,2168,2631,2628,2626,2169,2168,2473,2325,2630,2931,2479,2625,2170,2931,2784,2629,2932,2631,2631,2474,2783,2322,2479,2778,2933,2627,2933,2629,2931,2168,2933,2937,2478,2937,2631,3838,3994,3839,4146,4147,3992,3840,4146,3841,3688,3840,3685,4146,4146,3688,4144,3686,3840,3839,3839,3994,4147,4146,3686,3992,3686,3687,4146,3991,3687,3991,3838,4144,4146,3840,3841,4144,3838,3685,3685,3685,4144,3991,3688,3993,2321,-1,-1,-1,-1,-1,-1,-1,-1,-1,-1,-1,-1,-1,-1,-1,-1,-1,-1,-1,-1,-1,-1,-1,-1,-1,-1,-1,-1,-1,-1,-1,-1,-1,-1,-1,-1,-1,-1,-1,-1,-1,-1,-1,-1,-1,-1,-1,-1,-1
2785,2475,2625,2783,2321,2324,2475,2172,2319,2322,2931,2936,2478,2625,2171,2169,2173,2323,2322,2168,2478,2477,2169,2938,2479,2477,2934,2476,2319,2324,2479,2477,2631,2626,2321,2625,2473,2479,2319,2171,2173,2325,2627,2476,2169,2474,2321,2173,2166,2167,2630,2630,2168,3685,2631,4145,3839,3840,3838,3686,3685,4147,3991,3840,3993,3840,3685,3841,3992,3839,4147,3841,3838,3993,4144,3992,3994,3688,3685,3687,3991,4147,3993,3992,3991,3991,3841,3993,3686,3840,3841,3841,4145,3688,3839,3994,3992,3993,3992,3688,2321,-1,-1,-1,-1,-1,-1,-1,-1,-1,-1,-1,-1,-1,-1,-1,-1,-1,-1,-1,-1,-1,-1,-1,-1,-1,-1,-1,-1,-1,-1,-1,-1,-1,-1,-1,-1,-1,-1,-1,-1,-1,-1,-1,-1,-1,-1,-1,-1,-1
2785,2324,2629,2937,2783,2783,2631,2780,2472,2321,2476,2937,2322,2324,2326,2938,2932,2931,2172,2780,2934,2933,2321,2626,2628,2325,2630,2934,2626,2934,2626,2936,2785,2322,2781,2326,2326,2326,2935,2627,2626,2323,2625,2167,2629,2320,2320,2632,2778,2935,2782,2625,2938,4146,3838,4146,3993,3686,3685,3840,3841,3991,3686,3685,4147,4144,3839,3687,3994,4146,3687,3840,3992,3687,3688,3688,4146,3839,3992,4144,3838,3994,3992,3685,4144,3992,4146,4146,4147,3993,3686,4145,3993,3994,3688,3840,3993,3993,3688,3687,2782,-1,-1,-1,-1,-1,-1,-1,-1,-1,-1,-1,-1,-1,-1,-1,-1,-1,-1,-1,-1,-1,-1,-1,-1,-1,-1,-1,-1,-1,-1,-1,-1,-1,-1,-1,-1,-1,-1,-1,-1,-1,-1,-1,-1,-1,-1,-1,-1,-1
2475,2781,2171,2168,2323,2937,2931,2475,2476,2632,2629,2938,2932,2783,2783,2326,2626,2628,2173,2167,2938,2780,2626,2325,2325,2323,2478,2625,2324,2627,2325,2478,2625,2325,2168,2628,2782,2476,2632,2169,2167,2322,2167,2166,2784,2321,2781,2627,2171,2326,2631,2477,2173,2473,3838,2933,3688,3685,3993,3686,3991,4144,3993,3992,3841,3685,3685,3994,3838,4144,3991,4147,3841,3685,3838,3993,3841,4145,3993,3841,3991,3686,3839,3686,3687,3839,3992,3839,3686,4147,4146,3838,4147,3840,4147,4147,3993,3687,3840,4146,2478,-1,-1,-1,-1,-1,-1,-1,-1,-1,-1,-1,-1,-1,-1,-1,-1,-1,-1,-1,-1,-1,-1,-1,-1,-1,-1,-1,-1,-1,-1,-1,-1,-1,-1,-1,-1,-1,-1,-1,-1,-1,-1,-1,-1,-1,-1,-1,-1,-1
2476,2936,2477,2173,2324,2932,2473,2934,2628,2778,2936,2320,2321,2322,2625,2781,2779,2476,2779,2935,2166,2475,2626,2779,2931,2629,2173,2626,2628,2323,2168,2477,2167,2933,2321,2169,2319,2479,2171,2626,2320,2938,2632,2324,2319,2172,2323,2629,2475,2170,2782,2938,2627,3687,4145,3687,3686,4144,3686,3994,4144,4144,3841,3686,3840,3839,3993,4147,3993,3688,3838,3685,3686,4144,3838,3994,4147,3841,3686,4146,3686,4145,4147,4145,3686,3685,3686,4147,3688,4144,3688,4145,4147,3840,4144,3991,4147,3841,3992,4144,2169,-1,-1,-1,-1,-1,-1,-1,-1,-1,-1,-1,-1,-1,-1,-1,-1,-1,-1,-1,-1,-1,-1,-1,-1,-1,-1,-1,-1,-1,-1,-1,-1,-1,-1,-1,-1,-1,-1,-1,-1,-1,-1,-1,-1,-1,-1,-1,-1,-1
2933,2778,2931,2936,2168,2171,2474,2782,2171,2324,2937,2171,2934,2324,2166,2632,2476,2778,2170,2778,2938,2321,2931,2931,2785,2472,2475,2476,2169,2321,2630,2629,2782,2169,2326,2326,2474,2320,2938,2932,2170,2173,2474,2629,2321,2167,2170,2782,2938,2173,2168,2474,2170,2785,4147,3685,3994,3687,3993,4146,4145,3991,4144,3994,3841,3687,4145,3687,3841,4146,4144,4145,3688,4144,3839,3685,3687,3687,3688,3992,3991,4147,3991,4145,3687,3994,3840,4146,3686,3841,3841,3841,4146,4145,4147,4144,3993,3688,4145,3841,2631,-1,-1,-1,-1,-1,-1,-1,-1,-1,-1,-1,-1,-1,-1,-1,-1,-1,-1,-1,-1,-1,-1,-1,-1,-1,-1,-1,-1,-1,-1,-1,-1,-1,-1,-1,-1,-1,-1,-1,-1,-1,-1,-1,-1,-1,-1,-1,-1,-1
2479,2933,2325,2476,2172,2783,2631,2630,2935,2172,2326,2172,2324,2778,2473,2166,2629,2932,2934,2477,2322,2479,2785,2781,2326,2785,2631,2783,2321,2625,2478,2324,2172,2325,2170,2474,2473,2474,2785,2779,2785,2931,2934,2935,2168,2784,2320,2321,2319,2784,2936,2325,2935,2173,2319,2322,3994,4144,3991,4147,4146,4147,3994,3685,4146,4145,3841,3686,4144,4146,3687,3994,3840,3687,3838,4146,3686,4144,4147,3838,3687,3992,3992,3838,4146,3991,3687,4145,4146,3994,3688,4147,4146,3840,3685,4146,4145,3839,3687,3841,2479,-1,-1,-1,-1,-1,-1,-1,-1,-1,-1,-1,-1,-1,-1,-1,-1,-1,-1,-1,-1,-1,-1,-1,-1,-1,-1,-1,-1,-1,-1,-1,-1,-1,-1,-1,-1,-1,-1,-1,-1,-1,-1,-1,-1,-1,-1,-1,-1,-1
2778,2785,2172,2472,2323,2936,2628,2938,2937,2167,2783,2477,2324,2477,2938,2784,2319,2781,2629,2169,2477,2783,2938,2785,2472,2166,2326,2321,2778,2166,2473,2476,2172,2324,2170,2472,2932,2781,2630,2626,2630,2938,2778,2934,2479,2932,2475,2935,2322,2472,2476,2319,2933,2475,2630,2625,4147,3994,3838,3991,3685,3838,4146,4144,3993,4147,3686,4145,3686,3840,3993,4144,4146,3838,3991,4144,3687,3991,4146,3840,4144,3840,3841,3838,3688,4147,3685,3994,3687,3992,3839,3838,3840,3993,3992,3687,3841,3686,3993,3839,2322,-1,-1,-1,-1,-1,-1,-1,-1,-1,-1,-1,-1,-1,-1,-1,-1,-1,-1,-1,-1,-1,-1,-1,-1,-1,-1,-1,-1,-1,-1,-1,-1,-1,-1,-1,-1,-1,-1,-1,-1,-1,-1,-1,-1,-1,-1,-1,-1,-1
2780,2472,2778,2781,2322,2478,2474,2478,2173,2936,2322,2630,2629,2630,2166,2931,2477,2473,2933,2778,2167,2474,2780,2780,2931,2936,2934,2324,2629,2625,2932,2630,2784,2320,2326,2938,2323,2628,2784,2934,2322,2173,2168,2931,2475,2932,2780,2932,2473,2780,2477,3839,3994,3838,3841,3838,3838,3688,3686,3991,3994,3685,3688,3839,3991,4147,4147,4146,3687,4144,4147,3992,4147,3840,3687,4145,3994,3994,3840,3994,3685,4145,3993,3839,4146,4145,3841,4144,3685,4147,3839,3993,3991,3992,4146,3991,3841,3685,3687,3992,2779,-1,-1,-1,-1,-1,-1,-1,-1,-1,-1,-1,-1,-1,-1,-1,-1,-1,-1,-1,-1,-1,-1,-1,-1,-1,-1,-1,-1,-1,-1,-1,-1,-1,-1,-1,-1,-1,-1,-1,-1,-1,-1,-1,-1,-1,-1,-1,-1,-1
